EVENT,PROPERTY_ID,MONTHS_POST_FLOOD,ABSOLUTE_VALUE,PERCENTAGE_CHANGE_FROM_MEDIAN_PRICE,SINGLE_STORY,YEAR_BUILT,SQUARE_FOOTAGE,LOT_SIZE,ZONE,CUMUL_FLOODS
Matthew,10021,1,484100,0.072,0,2005,3600,10890,1c,0
Matthew,10021,2,474500,-1.912,0,2005,3600,10890,1c,0
Matthew,10021,3,474400,-1.933,0,2005,3600,10890,1c,0
Matthew,10021,4,475900,-1.623,0,2005,3600,10890,1c,0
Matthew,10021,5,473900,-2.036,0,2005,3600,10890,1c,0
Matthew,10021,6,484100,0.072,0,2005,3600,10890,1c,0
Matthew,10021,7,468000,-3.256,0,2005,3600,10890,1c,0
Matthew,10021,8,455900,-5.757,0,2005,3600,10890,1c,0
Matthew,10021,9,449300,-7.121,0,2005,3600,10890,1c,0
Matthew,10021,10,454600,-6.026,0,2005,3600,10890,1c,0
Matthew,10021,11,443900,-8.238,0,2005,3600,10890,1c,0
Matthew,10021,12,439400,-9.168,0,2005,3600,10890,1c,0
Matthew,10021,13,464600,-3.959,0,2005,3600,10890,1c,0
Matthew,10021,14,468100,-3.235,0,2005,3600,10890,1c,0
Matthew,10021,15,484200,0.093,0,2005,3600,10890,1c,0
Matthew,10021,16,525900,8.713,0,2005,3600,10890,1c,0
Matthew,10021,17,515200,6.501,0,2005,3600,10890,1c,0
Matthew,10021,18,473700,-2.078,0,2005,3600,10890,1c,0
Matthew,10021,19,470700,-2.698,0,2005,3600,10890,1c,0
Matthew,10021,20,482600,-0.238,0,2005,3600,10890,1c,0
Matthew,10021,21,472800,-2.264,0,2005,3600,10890,1c,0
Matthew,10021,22,454000,-6.15,0,2005,3600,10890,1c,0
Matthew,10021,23,449400,-7.101,0,2005,3600,10890,1c,0
Florence,10021,24,454100,-6.129,0,2005,3600,10890,1c,0
Florence,10021,25,479100,-0.961,0,2005,3600,10890,1c,0
Florence,10021,26,480200,-0.734,0,2005,3600,10890,1c,0
Florence,10021,27,492100,1.726,0,2005,3600,10890,1c,0
Florence,10021,28,511100,5.654,0,2005,3600,10890,1c,0
Florence,10021,29,492800,1.871,0,2005,3600,10890,1c,0
Florence,10021,30,484700,0.196,0,2005,3600,10890,1c,0
Florence,10021,31,485700,0.403,0,2005,3600,10890,1c,0
Florence,10021,32,492300,1.767,0,2005,3600,10890,1c,0
Florence,10021,33,478200,-1.147,0,2005,3600,10890,1c,0
Florence,10021,34,501500,3.669,0,2005,3600,10890,1c,0
Florence,10021,35,492200,1.747,0,2005,3600,10890,1c,0
Florence,10021,36,501500,3.669,0,2005,3600,10890,1c,0
Florence,10021,37,491600,1.623,0,2005,3600,10890,1c,0
Florence,10021,38,514500,6.357,0,2005,3600,10890,1c,0
Florence,10021,39,506300,4.661,0,2005,3600,10890,1c,0
Florence,10021,40,473600,-2.098,0,2005,3600,10890,1c,0
Florence,10021,41,483400,-0.072,0,2005,3600,10890,1c,0
Florence,10021,42,492100,1.726,0,2005,3600,10890,1c,0
Florence,10021,43,495100,2.346,0,2005,3600,10890,1c,0
Florence,10021,44,492000,1.705,0,2005,3600,10890,1c,0
Florence,10021,45,525700,8.672,0,2005,3600,10890,1c,0
Florence,10021,46,535600,10.718,0,2005,3600,10890,1c,0
Florence,10021,47,524500,8.424,0,2005,3600,10890,1c,0
Florence,10021,48,496200,2.574,0,2005,3600,10890,1c,0
Matthew,10022,1,391400,-22.679,0,2004,3131,15246,1c,0
Matthew,10022,2,398600,-21.256,0,2004,3131,15246,1c,0
Matthew,10022,3,392900,-22.382,0,2004,3131,15246,1c,0
Matthew,10022,4,405200,-19.953,0,2004,3131,15246,1c,0
Matthew,10022,5,401000,-20.782,0,2004,3131,15246,1c,0
Matthew,10022,6,395400,-21.889,0,2004,3131,15246,1c,0
Matthew,10022,7,401500,-20.684,0,2004,3131,15246,1c,0
Matthew,10022,8,402800,-20.427,0,2004,3131,15246,1c,0
Matthew,10022,9,396600,-21.652,0,2004,3131,15246,1c,0
Matthew,10022,10,397900,-21.395,0,2004,3131,15246,1c,0
Matthew,10022,11,397700,-21.434,0,2004,3131,15246,1c,0
Matthew,10022,12,404000,-20.19,0,2004,3131,15246,1c,0
Matthew,10022,13,417700,-17.483,0,2004,3131,15246,1c,0
Matthew,10022,14,409400,-19.123,0,2004,3131,15246,1c,0
Matthew,10022,15,422400,-16.555,0,2004,3131,15246,1c,0
Matthew,10022,16,438300,-13.414,0,2004,3131,15246,1c,0
Matthew,10022,17,437700,-13.532,0,2004,3131,15246,1c,0
Matthew,10022,18,491900,-2.825,0,2004,3131,15246,1c,0
Matthew,10022,19,498500,-1.521,0,2004,3131,15246,1c,0
Matthew,10022,20,513300,1.403,0,2004,3131,15246,1c,0
Matthew,10022,21,516700,2.074,0,2004,3131,15246,1c,0
Matthew,10022,22,525800,3.872,0,2004,3131,15246,1c,0
Matthew,10022,23,514000,1.541,0,2004,3131,15246,1c,0
Florence,10022,24,518800,2.489,0,2004,3131,15246,1c,0
Florence,10022,25,504000,-0.435,0,2004,3131,15246,1c,0
Florence,10022,26,505400,-0.158,0,2004,3131,15246,1c,0
Florence,10022,27,504100,-0.415,0,2004,3131,15246,1c,0
Florence,10022,28,507000,0.158,0,2004,3131,15246,1c,0
Florence,10022,29,502800,-0.672,0,2004,3131,15246,1c,0
Florence,10022,30,492400,-2.726,0,2004,3131,15246,1c,0
Florence,10022,31,527700,4.247,0,2004,3131,15246,1c,0
Florence,10022,32,529200,4.544,0,2004,3131,15246,1c,0
Florence,10022,33,539700,6.618,0,2004,3131,15246,1c,0
Florence,10022,34,543000,7.27,0,2004,3131,15246,1c,0
Florence,10022,35,540700,6.815,0,2004,3131,15246,1c,0
Florence,10022,36,517300,2.193,0,2004,3131,15246,1c,0
Florence,10022,37,527500,4.208,0,2004,3131,15246,1c,0
Florence,10022,38,543900,7.448,0,2004,3131,15246,1c,0
Florence,10022,39,568000,12.209,0,2004,3131,15246,1c,0
Florence,10022,40,608700,20.249,0,2004,3131,15246,1c,0
Florence,10022,41,582800,15.132,0,2004,3131,15246,1c,0
Florence,10022,42,560600,10.747,0,2004,3131,15246,1c,0
Florence,10022,43,551900,9.028,0,2004,3131,15246,1c,0
Florence,10022,44,551700,8.989,0,2004,3131,15246,1c,0
Florence,10022,45,544500,7.566,0,2004,3131,15246,1c,0
Florence,10022,46,518100,2.351,0,2004,3131,15246,1c,0
Florence,10022,47,668200,32.003,0,2004,3131,15246,1c,0
Florence,10022,48,667900,31.944,0,2004,3131,15246,1c,0
Matthew,10023,1,354000,-12.279,0,1998,2398,16117,2c,0
Matthew,10023,2,354400,-12.179,0,1998,2398,16117,2c,0
Matthew,10023,3,345000,-14.509,0,1998,2398,16117,2c,0
Matthew,10023,4,351000,-13.022,0,1998,2398,16117,2c,0
Matthew,10023,5,355400,-11.932,0,1998,2398,16117,2c,0
Matthew,10023,6,360000,-10.792,0,1998,2398,16117,2c,0
Matthew,10023,7,361600,-10.395,0,1998,2398,16117,2c,0
Matthew,10023,8,365100,-9.528,0,1998,2398,16117,2c,0
Matthew,10023,9,373000,-7.57,0,1998,2398,16117,2c,0
Matthew,10023,10,367500,-8.933,0,1998,2398,16117,2c,0
Matthew,10023,11,362500,-10.172,0,1998,2398,16117,2c,0
Matthew,10023,12,374800,-7.124,0,1998,2398,16117,2c,0
Matthew,10023,13,375100,-7.05,0,1998,2398,16117,2c,0
Matthew,10023,14,370000,-8.314,0,1998,2398,16117,2c,0
Matthew,10023,15,382900,-5.117,0,1998,2398,16117,2c,0
Matthew,10023,16,399900,-0.904,0,1998,2398,16117,2c,0
Matthew,10023,17,404400,0.211,0,1998,2398,16117,2c,0
Matthew,10023,18,409200,1.4,0,1998,2398,16117,2c,0
Matthew,10023,19,400600,-0.731,0,1998,2398,16117,2c,0
Matthew,10023,20,398600,-1.227,0,1998,2398,16117,2c,0
Matthew,10023,21,401300,-0.558,0,1998,2398,16117,2c,0
Matthew,10023,22,396200,-1.821,0,1998,2398,16117,2c,0
Matthew,10023,23,400200,-0.83,0,1998,2398,16117,2c,0
Florence,10023,24,404000,0.112,0,1998,2398,16117,2c,0
Florence,10023,25,399100,-1.103,0,1998,2398,16117,2c,0
Florence,10023,26,401100,-0.607,0,1998,2398,16117,2c,0
Florence,10023,27,403300,-0.062,0,1998,2398,16117,2c,0
Florence,10023,28,403800,0.062,0,1998,2398,16117,2c,0
Florence,10023,29,407200,0.904,0,1998,2398,16117,2c,0
Florence,10023,30,421600,4.473,0,1998,2398,16117,2c,0
Florence,10023,31,434900,7.769,0,1998,2398,16117,2c,0
Florence,10023,32,436600,8.19,0,1998,2398,16117,2c,0
Florence,10023,33,440200,9.082,0,1998,2398,16117,2c,0
Florence,10023,34,440800,9.231,0,1998,2398,16117,2c,0
Florence,10023,35,446300,10.593,0,1998,2398,16117,2c,0
Florence,10023,36,450200,11.56,0,1998,2398,16117,2c,0
Florence,10023,37,448400,11.114,0,1998,2398,16117,2c,0
Florence,10023,38,448400,11.114,0,1998,2398,16117,2c,0
Florence,10023,39,443800,9.974,0,1998,2398,16117,2c,0
Florence,10023,40,443800,9.974,0,1998,2398,16117,2c,0
Florence,10023,41,453500,12.378,0,1998,2398,16117,2c,0
Florence,10023,42,456500,13.121,0,1998,2398,16117,2c,0
Florence,10023,43,443900,9.999,0,1998,2398,16117,2c,0
Florence,10023,44,440700,9.206,0,1998,2398,16117,2c,0
Florence,10023,45,437500,8.413,0,1998,2398,16117,2c,0
Florence,10023,46,440800,9.231,0,1998,2398,16117,2c,0
Florence,10023,47,441700,9.454,0,1998,2398,16117,2c,0
Florence,10023,48,442400,9.627,0,1998,2398,16117,2c,0
Matthew,10024,1,329400,-10.901,1,1993,2104,14810,2c,0
Matthew,10024,2,336500,-8.98,1,1993,2104,14810,2c,0
Matthew,10024,3,333000,-9.927,1,1993,2104,14810,2c,0
Matthew,10024,4,339700,-8.115,1,1993,2104,14810,2c,0
Matthew,10024,5,332200,-10.143,1,1993,2104,14810,2c,0
Matthew,10024,6,337800,-8.629,1,1993,2104,14810,2c,0
Matthew,10024,7,337700,-8.656,1,1993,2104,14810,2c,0
Matthew,10024,8,342400,-7.384,1,1993,2104,14810,2c,0
Matthew,10024,9,337000,-8.845,1,1993,2104,14810,2c,0
Matthew,10024,10,342400,-7.384,1,1993,2104,14810,2c,0
Matthew,10024,11,338700,-8.385,1,1993,2104,14810,2c,0
Matthew,10024,12,338600,-8.412,1,1993,2104,14810,2c,0
Matthew,10024,13,338300,-8.493,1,1993,2104,14810,2c,0
Matthew,10024,14,339500,-8.169,1,1993,2104,14810,2c,0
Matthew,10024,15,338900,-8.331,1,1993,2104,14810,2c,0
Matthew,10024,16,350700,-5.139,1,1993,2104,14810,2c,0
Matthew,10024,17,350300,-5.247,1,1993,2104,14810,2c,0
Matthew,10024,18,361500,-2.218,1,1993,2104,14810,2c,0
Matthew,10024,19,352700,-4.598,1,1993,2104,14810,2c,0
Matthew,10024,20,350100,-5.302,1,1993,2104,14810,2c,0
Matthew,10024,21,361700,-2.164,1,1993,2104,14810,2c,0
Matthew,10024,22,370900,0.325,1,1993,2104,14810,2c,0
Matthew,10024,23,372600,0.784,1,1993,2104,14810,2c,0
Florence,10024,24,375200,1.488,1,1993,2104,14810,2c,0
Florence,10024,25,373000,0.893,1,1993,2104,14810,2c,0
Florence,10024,26,370200,0.135,1,1993,2104,14810,2c,0
Florence,10024,27,378700,2.434,1,1993,2104,14810,2c,0
Florence,10024,28,369200,-0.135,1,1993,2104,14810,2c,0
Florence,10024,29,375700,1.623,1,1993,2104,14810,2c,0
Florence,10024,30,380000,2.786,1,1993,2104,14810,2c,0
Florence,10024,31,381300,3.138,1,1993,2104,14810,2c,0
Florence,10024,32,372800,0.839,1,1993,2104,14810,2c,0
Florence,10024,33,366500,-0.866,1,1993,2104,14810,2c,0
Florence,10024,34,365400,-1.163,1,1993,2104,14810,2c,0
Florence,10024,35,381600,3.219,1,1993,2104,14810,2c,0
Florence,10024,36,384900,4.111,1,1993,2104,14810,2c,0
Florence,10024,37,377200,2.029,1,1993,2104,14810,2c,0
Florence,10024,38,377200,2.029,1,1993,2104,14810,2c,0
Florence,10024,39,383300,3.679,1,1993,2104,14810,2c,0
Florence,10024,40,383300,3.679,1,1993,2104,14810,2c,0
Florence,10024,41,388900,5.193,1,1993,2104,14810,2c,0
Florence,10024,42,388300,5.031,1,1993,2104,14810,2c,0
Florence,10024,43,388900,5.193,1,1993,2104,14810,2c,0
Florence,10024,44,389800,5.437,1,1993,2104,14810,2c,0
Florence,10024,45,388800,5.166,1,1993,2104,14810,2c,0
Florence,10024,46,389100,5.247,1,1993,2104,14810,2c,0
Florence,10024,47,392600,6.194,1,1993,2104,14810,2c,0
Florence,10024,48,392000,6.032,1,1993,2104,14810,2c,0
Matthew,10025,1,192300,-15.024,0,1996,1656,11761,3c,0
Matthew,10025,2,194000,-14.273,0,1996,1656,11761,3c,0
Matthew,10025,3,193300,-14.582,0,1996,1656,11761,3c,0
Matthew,10025,4,194200,-14.185,0,1996,1656,11761,3c,0
Matthew,10025,5,196200,-13.301,0,1996,1656,11761,3c,0
Matthew,10025,6,197800,-12.594,0,1996,1656,11761,3c,0
Matthew,10025,7,198000,-12.506,0,1996,1656,11761,3c,0
Matthew,10025,8,195200,-13.743,0,1996,1656,11761,3c,0
Matthew,10025,9,196700,-13.08,0,1996,1656,11761,3c,0
Matthew,10025,10,199400,-11.887,0,1996,1656,11761,3c,0
Matthew,10025,11,199100,-12.019,0,1996,1656,11761,3c,0
Matthew,10025,12,204700,-9.545,0,1996,1656,11761,3c,0
Matthew,10025,13,211200,-6.673,0,1996,1656,11761,3c,0
Matthew,10025,14,216600,-4.286,0,1996,1656,11761,3c,0
Matthew,10025,15,219900,-2.828,0,1996,1656,11761,3c,0
Matthew,10025,16,224700,-0.707,0,1996,1656,11761,3c,0
Matthew,10025,17,224400,-0.84,0,1996,1656,11761,3c,0
Matthew,10025,18,213000,-5.877,0,1996,1656,11761,3c,0
Matthew,10025,19,218600,-3.403,0,1996,1656,11761,3c,0
Matthew,10025,20,225600,-0.309,0,1996,1656,11761,3c,0
Matthew,10025,21,227800,0.663,0,1996,1656,11761,3c,0
Matthew,10025,22,224100,-0.972,0,1996,1656,11761,3c,0
Matthew,10025,23,224500,-0.795,0,1996,1656,11761,3c,0
Florence,10025,24,228800,1.105,0,1996,1656,11761,3c,0
Florence,10025,25,227100,0.354,0,1996,1656,11761,3c,0
Florence,10025,26,225100,-0.53,0,1996,1656,11761,3c,0
Florence,10025,27,225600,-0.309,0,1996,1656,11761,3c,0
Florence,10025,28,227000,0.309,0,1996,1656,11761,3c,0
Florence,10025,29,227200,0.398,0,1996,1656,11761,3c,0
Florence,10025,30,227900,0.707,0,1996,1656,11761,3c,0
Florence,10025,31,231100,2.121,0,1996,1656,11761,3c,0
Florence,10025,32,232200,2.607,0,1996,1656,11761,3c,0
Florence,10025,33,233900,3.358,0,1996,1656,11761,3c,0
Florence,10025,34,233400,3.137,0,1996,1656,11761,3c,0
Florence,10025,35,233500,3.182,0,1996,1656,11761,3c,0
Florence,10025,36,237000,4.728,0,1996,1656,11761,3c,0
Florence,10025,37,234600,3.668,0,1996,1656,11761,3c,0
Florence,10025,38,234200,3.491,0,1996,1656,11761,3c,0
Florence,10025,39,237800,5.082,0,1996,1656,11761,3c,0
Florence,10025,40,239400,5.789,0,1996,1656,11761,3c,0
Florence,10025,41,239700,5.921,0,1996,1656,11761,3c,0
Florence,10025,42,241400,6.673,0,1996,1656,11761,3c,0
Florence,10025,43,243200,7.468,0,1996,1656,11761,3c,0
Florence,10025,44,243600,7.645,0,1996,1656,11761,3c,0
Florence,10025,45,245200,8.352,0,1996,1656,11761,3c,0
Florence,10025,46,247400,9.324,0,1996,1656,11761,3c,0
Florence,10025,47,249900,10.429,0,1996,1656,11761,3c,0
Florence,10025,48,252100,11.401,0,1996,1656,11761,3c,0
Matthew,10026,1,189100,-14.24,1,1996,1467,16553,3c,0
Matthew,10026,2,182400,-17.279,1,1996,1467,16553,3c,0
Matthew,10026,3,179500,-18.594,1,1996,1467,16553,3c,0
Matthew,10026,4,197400,-10.476,1,1996,1467,16553,3c,0
Matthew,10026,5,198100,-10.159,1,1996,1467,16553,3c,0
Matthew,10026,6,199700,-9.433,1,1996,1467,16553,3c,0
Matthew,10026,7,200300,-9.161,1,1996,1467,16553,3c,0
Matthew,10026,8,202200,-8.299,1,1996,1467,16553,3c,0
Matthew,10026,9,205500,-6.803,1,1996,1467,16553,3c,0
Matthew,10026,10,205500,-6.803,1,1996,1467,16553,3c,0
Matthew,10026,11,203300,-7.8,1,1996,1467,16553,3c,0
Matthew,10026,12,205000,-7.029,1,1996,1467,16553,3c,0
Matthew,10026,13,205700,-6.712,1,1996,1467,16553,3c,0
Matthew,10026,14,205200,-6.939,1,1996,1467,16553,3c,0
Matthew,10026,15,206100,-6.531,1,1996,1467,16553,3c,0
Matthew,10026,16,205600,-6.757,1,1996,1467,16553,3c,0
Matthew,10026,17,208900,-5.261,1,1996,1467,16553,3c,0
Matthew,10026,18,209200,-5.125,1,1996,1467,16553,3c,0
Matthew,10026,19,212200,-3.764,1,1996,1467,16553,3c,0
Matthew,10026,20,211400,-4.127,1,1996,1467,16553,3c,0
Matthew,10026,21,212300,-3.719,1,1996,1467,16553,3c,0
Matthew,10026,22,214500,-2.721,1,1996,1467,16553,3c,0
Matthew,10026,23,217200,-1.497,1,1996,1467,16553,3c,0
Florence,10026,24,218700,-0.816,1,1996,1467,16553,3c,0
Florence,10026,25,222300,0.816,1,1996,1467,16553,3c,0
Florence,10026,26,224300,1.723,1,1996,1467,16553,3c,0
Florence,10026,27,224700,1.905,1,1996,1467,16553,3c,0
Florence,10026,28,223700,1.451,1,1996,1467,16553,3c,0
Florence,10026,29,224000,1.587,1,1996,1467,16553,3c,0
Florence,10026,30,224400,1.769,1,1996,1467,16553,3c,0
Florence,10026,31,226400,2.676,1,1996,1467,16553,3c,0
Florence,10026,32,225800,2.404,1,1996,1467,16553,3c,0
Florence,10026,33,227700,3.265,1,1996,1467,16553,3c,0
Florence,10026,34,228900,3.81,1,1996,1467,16553,3c,0
Florence,10026,35,228300,3.537,1,1996,1467,16553,3c,0
Florence,10026,36,225800,2.404,1,1996,1467,16553,3c,0
Florence,10026,37,227300,3.084,1,1996,1467,16553,3c,0
Florence,10026,38,227300,3.084,1,1996,1467,16553,3c,0
Florence,10026,39,233700,5.986,1,1996,1467,16553,3c,0
Florence,10026,40,233700,5.986,1,1996,1467,16553,3c,0
Florence,10026,41,236000,7.029,1,1996,1467,16553,3c,0
Florence,10026,42,239600,8.662,1,1996,1467,16553,3c,0
Florence,10026,43,240000,8.844,1,1996,1467,16553,3c,0
Florence,10026,44,241400,9.478,1,1996,1467,16553,3c,0
Florence,10026,45,241700,9.615,1,1996,1467,16553,3c,0
Florence,10026,46,244700,10.975,1,1996,1467,16553,3c,0
Florence,10026,47,246100,11.61,1,1996,1467,16553,3c,0
Florence,10026,48,243400,10.385,1,1996,1467,16553,3c,0
Matthew,10027,1,348000,-2.343,0,1993,3006,19602,4c,0
Matthew,10027,2,355600,-0.21,0,1993,3006,19602,4c,0
Matthew,10027,3,348200,-2.287,0,1993,3006,19602,4c,0
Matthew,10027,4,339100,-4.841,0,1993,3006,19602,4c,0
Matthew,10027,5,339500,-4.728,0,1993,3006,19602,4c,0
Matthew,10027,6,341500,-4.167,0,1993,3006,19602,4c,0
Matthew,10027,7,338600,-4.981,0,1993,3006,19602,4c,0
Matthew,10027,8,340500,-4.448,0,1993,3006,19602,4c,0
Matthew,10027,9,342400,-3.915,0,1993,3006,19602,4c,0
Matthew,10027,10,350300,-1.698,0,1993,3006,19602,4c,0
Matthew,10027,11,345700,-2.989,0,1993,3006,19602,4c,0
Matthew,10027,12,341900,-4.055,0,1993,3006,19602,4c,0
Matthew,10027,13,348100,-2.315,0,1993,3006,19602,4c,0
Matthew,10027,14,350800,-1.557,0,1993,3006,19602,4c,0
Matthew,10027,15,345500,-3.045,0,1993,3006,19602,4c,0
Matthew,10027,16,357100,0.21,0,1993,3006,19602,4c,0
Matthew,10027,17,351700,-1.305,0,1993,3006,19602,4c,0
Matthew,10027,18,360300,1.108,0,1993,3006,19602,4c,0
Matthew,10027,19,364100,2.175,0,1993,3006,19602,4c,0
Matthew,10027,20,366000,2.708,0,1993,3006,19602,4c,0
Matthew,10027,21,359200,0.8,0,1993,3006,19602,4c,0
Matthew,10027,22,357800,0.407,0,1993,3006,19602,4c,0
Matthew,10027,23,350900,-1.529,0,1993,3006,19602,4c,0
Florence,10027,24,350800,-1.557,0,1993,3006,19602,4c,0
Florence,10027,25,352100,-1.193,0,1993,3006,19602,4c,0
Florence,10027,26,354900,-0.407,0,1993,3006,19602,4c,0
Florence,10027,27,349000,-2.063,0,1993,3006,19602,4c,0
Florence,10027,28,353700,-0.744,0,1993,3006,19602,4c,0
Florence,10027,29,354200,-0.603,0,1993,3006,19602,4c,0
Florence,10027,30,354900,-0.407,0,1993,3006,19602,4c,0
Florence,10027,31,363900,2.119,0,1993,3006,19602,4c,0
Florence,10027,32,372600,4.56,0,1993,3006,19602,4c,0
Florence,10027,33,372900,4.644,0,1993,3006,19602,4c,0
Florence,10027,34,370900,4.083,0,1993,3006,19602,4c,0
Florence,10027,35,366500,2.848,0,1993,3006,19602,4c,0
Florence,10027,36,366900,2.961,0,1993,3006,19602,4c,0
Florence,10027,37,375500,5.374,0,1993,3006,19602,4c,0
Florence,10027,38,373200,4.728,0,1993,3006,19602,4c,0
Florence,10027,39,375700,5.43,0,1993,3006,19602,4c,0
Florence,10027,40,390200,9.499,0,1993,3006,19602,4c,0
Florence,10027,41,392700,10.201,0,1993,3006,19602,4c,0
Florence,10027,42,397200,11.463,0,1993,3006,19602,4c,0
Florence,10027,43,400100,12.277,0,1993,3006,19602,4c,0
Florence,10027,44,401100,12.558,0,1993,3006,19602,4c,0
Florence,10027,45,407200,14.27,0,1993,3006,19602,4c,0
Florence,10027,46,411500,15.476,0,1993,3006,19602,4c,0
Florence,10027,47,413000,15.897,0,1993,3006,19602,4c,0
Florence,10027,48,418900,17.553,0,1993,3006,19602,4c,0
Matthew,10028,1,249300,-16.622,0,1992,2288,16553,4c,0
Matthew,10028,2,250400,-16.254,0,1992,2288,16553,4c,0
Matthew,10028,3,251400,-15.92,0,1992,2288,16553,4c,0
Matthew,10028,4,263900,-11.739,0,1992,2288,16553,4c,0
Matthew,10028,5,268800,-10.1,0,1992,2288,16553,4c,0
Matthew,10028,6,274700,-8.127,0,1992,2288,16553,4c,0
Matthew,10028,7,275900,-7.726,0,1992,2288,16553,4c,0
Matthew,10028,8,283500,-5.184,0,1992,2288,16553,4c,0
Matthew,10028,9,287100,-3.98,0,1992,2288,16553,4c,0
Matthew,10028,10,291200,-2.609,0,1992,2288,16553,4c,0
Matthew,10028,11,290800,-2.742,0,1992,2288,16553,4c,0
Matthew,10028,12,297800,-0.401,0,1992,2288,16553,4c,0
Matthew,10028,13,298500,-0.167,0,1992,2288,16553,4c,0
Matthew,10028,14,296200,-0.936,0,1992,2288,16553,4c,0
Matthew,10028,15,299300,0.1,0,1992,2288,16553,4c,0
Matthew,10028,16,298700,-0.1,0,1992,2288,16553,4c,0
Matthew,10028,17,300400,0.468,0,1992,2288,16553,4c,0
Matthew,10028,18,297800,-0.401,0,1992,2288,16553,4c,0
Matthew,10028,19,300900,0.635,0,1992,2288,16553,4c,0
Matthew,10028,20,292300,-2.241,0,1992,2288,16553,4c,0
Matthew,10028,21,292600,-2.14,0,1992,2288,16553,4c,0
Matthew,10028,22,292400,-2.207,0,1992,2288,16553,4c,0
Matthew,10028,23,290600,-2.809,0,1992,2288,16553,4c,0
Florence,10028,24,292900,-2.04,0,1992,2288,16553,4c,0
Florence,10028,25,292700,-2.107,0,1992,2288,16553,4c,0
Florence,10028,26,298400,-0.201,0,1992,2288,16553,4c,0
Florence,10028,27,301200,0.736,0,1992,2288,16553,4c,0
Florence,10028,28,298300,-0.234,0,1992,2288,16553,4c,0
Florence,10028,29,301000,0.669,0,1992,2288,16553,4c,0
Florence,10028,30,308200,3.077,0,1992,2288,16553,4c,0
Florence,10028,31,312900,4.649,0,1992,2288,16553,4c,0
Florence,10028,32,310000,3.679,0,1992,2288,16553,4c,0
Florence,10028,33,310900,3.98,0,1992,2288,16553,4c,0
Florence,10028,34,313900,4.983,0,1992,2288,16553,4c,0
Florence,10028,35,319100,6.722,0,1992,2288,16553,4c,0
Florence,10028,36,311000,4.013,0,1992,2288,16553,4c,0
Florence,10028,37,315900,5.652,0,1992,2288,16553,4c,0
Florence,10028,38,323400,8.161,0,1992,2288,16553,4c,0
Florence,10028,39,321900,7.659,0,1992,2288,16553,4c,0
Florence,10028,40,314500,5.184,0,1992,2288,16553,4c,0
Florence,10028,41,318200,6.421,0,1992,2288,16553,4c,0
Florence,10028,42,320500,7.191,0,1992,2288,16553,4c,0
Florence,10028,43,314000,5.017,0,1992,2288,16553,4c,0
Florence,10028,44,313500,4.849,0,1992,2288,16553,4c,0
Florence,10028,45,325700,8.93,0,1992,2288,16553,4c,0
Florence,10028,46,333800,11.639,0,1992,2288,16553,4c,0
Florence,10028,47,335600,12.241,0,1992,2288,16553,4c,0
Florence,10028,48,334500,11.873,0,1992,2288,16553,4c,0
Matthew,10029,1,560000,-10.026,1,1998,4028,20473,5c,0
Matthew,10029,2,569400,-8.515,1,1998,4028,20473,5c,0
Matthew,10029,3,574300,-7.728,1,1998,4028,20473,5c,0
Matthew,10029,4,602000,-3.278,1,1998,4028,20473,5c,0
Matthew,10029,5,618500,-0.627,1,1998,4028,20473,5c,0
Matthew,10029,6,631300,1.43,1,1998,4028,20473,5c,0
Matthew,10029,7,644000,3.47,1,1998,4028,20473,5c,0
Matthew,10029,8,649300,4.322,1,1998,4028,20473,5c,0
Matthew,10029,9,641200,3.021,1,1998,4028,20473,5c,0
Matthew,10029,10,648800,4.242,1,1998,4028,20473,5c,0
Matthew,10029,11,648300,4.161,1,1998,4028,20473,5c,0
Matthew,10029,12,650400,4.499,1,1998,4028,20473,5c,0
Matthew,10029,13,652200,4.788,1,1998,4028,20473,5c,0
Matthew,10029,14,638500,2.587,1,1998,4028,20473,5c,0
Matthew,10029,15,652900,4.9,1,1998,4028,20473,5c,0
Matthew,10029,16,642700,3.262,1,1998,4028,20473,5c,0
Matthew,10029,17,652900,4.9,1,1998,4028,20473,5c,0
Matthew,10029,18,582600,-6.395,1,1998,4028,20473,5c,0
Matthew,10029,19,572400,-8.033,1,1998,4028,20473,5c,0
Matthew,10029,20,582700,-6.379,1,1998,4028,20473,5c,0
Matthew,10029,21,618500,-0.627,1,1998,4028,20473,5c,0
Matthew,10029,22,600700,-3.487,1,1998,4028,20473,5c,0
Matthew,10029,23,601500,-3.358,1,1998,4028,20473,5c,0
Florence,10029,24,627000,0.739,1,1998,4028,20473,5c,0
Florence,10029,25,620100,-0.37,1,1998,4028,20473,5c,0
Florence,10029,26,603600,-3.021,1,1998,4028,20473,5c,0
Florence,10029,27,615500,-1.109,1,1998,4028,20473,5c,0
Florence,10029,28,598000,-3.92,1,1998,4028,20473,5c,0
Florence,10029,29,590600,-5.109,1,1998,4028,20473,5c,0
Florence,10029,30,608600,-2.217,1,1998,4028,20473,5c,0
Florence,10029,31,603800,-2.988,1,1998,4028,20473,5c,0
Florence,10029,32,607400,-2.41,1,1998,4028,20473,5c,0
Florence,10029,33,617300,-0.819,1,1998,4028,20473,5c,0
Florence,10029,34,625300,0.466,1,1998,4028,20473,5c,0
Florence,10029,35,620500,-0.305,1,1998,4028,20473,5c,0
Florence,10029,36,630300,1.269,1,1998,4028,20473,5c,0
Florence,10029,37,624600,0.353,1,1998,4028,20473,5c,0
Florence,10029,38,634100,1.88,1,1998,4028,20473,5c,0
Florence,10029,39,632700,1.655,1,1998,4028,20473,5c,0
Florence,10029,40,625700,0.53,1,1998,4028,20473,5c,0
Florence,10029,41,623500,0.177,1,1998,4028,20473,5c,0
Florence,10029,42,629300,1.109,1,1998,4028,20473,5c,0
Florence,10029,43,622000,-0.064,1,1998,4028,20473,5c,0
Florence,10029,44,616600,-0.932,1,1998,4028,20473,5c,0
Florence,10029,45,624600,0.353,1,1998,4028,20473,5c,0
Florence,10029,46,619500,-0.466,1,1998,4028,20473,5c,0
Florence,10029,47,623000,0.096,1,1998,4028,20473,5c,0
Florence,10029,48,622800,0.064,1,1998,4028,20473,5c,0
Matthew,10030,1,477300,0.421,0,2000,3416,20473,5c,0
Matthew,10030,2,482600,1.536,0,2000,3416,20473,5c,0
Matthew,10030,3,477800,0.526,0,2000,3416,20473,5c,0
Matthew,10030,4,475000,-0.063,0,2000,3416,20473,5c,0
Matthew,10030,5,479500,0.884,0,2000,3416,20473,5c,0
Matthew,10030,6,485400,2.125,0,2000,3416,20473,5c,0
Matthew,10030,7,486400,2.335,0,2000,3416,20473,5c,0
Matthew,10030,8,485900,2.23,0,2000,3416,20473,5c,0
Matthew,10030,9,496000,4.355,0,2000,3416,20473,5c,0
Matthew,10030,10,501500,5.512,0,2000,3416,20473,5c,0
Matthew,10030,11,503400,5.912,0,2000,3416,20473,5c,0
Matthew,10030,12,506600,6.585,0,2000,3416,20473,5c,0
Matthew,10030,13,504000,6.038,0,2000,3416,20473,5c,0
Matthew,10030,14,510500,7.406,0,2000,3416,20473,5c,0
Matthew,10030,15,516500,8.668,0,2000,3416,20473,5c,0
Matthew,10030,16,534000,12.35,0,2000,3416,20473,5c,0
Matthew,10030,17,522900,10.015,0,2000,3416,20473,5c,0
Matthew,10030,18,498600,4.902,0,2000,3416,20473,5c,0
Matthew,10030,19,482700,1.557,0,2000,3416,20473,5c,0
Matthew,10030,20,482700,1.557,0,2000,3416,20473,5c,0
Matthew,10030,21,462500,-2.693,0,2000,3416,20473,5c,0
Matthew,10030,22,460400,-3.135,0,2000,3416,20473,5c,0
Matthew,10030,23,450700,-5.176,0,2000,3416,20473,5c,0
Florence,10030,24,450800,-5.155,0,2000,3416,20473,5c,0
Florence,10030,25,449300,-5.47,0,2000,3416,20473,5c,0
Florence,10030,26,449300,-5.47,0,2000,3416,20473,5c,0
Florence,10030,27,435200,-8.437,0,2000,3416,20473,5c,0
Florence,10030,28,436000,-8.268,0,2000,3416,20473,5c,0
Florence,10030,29,437300,-7.995,0,2000,3416,20473,5c,0
Florence,10030,30,439000,-7.637,0,2000,3416,20473,5c,0
Florence,10030,31,441500,-7.111,0,2000,3416,20473,5c,0
Florence,10030,32,441700,-7.069,0,2000,3416,20473,5c,0
Florence,10030,33,445800,-6.207,0,2000,3416,20473,5c,0
Florence,10030,34,447800,-5.786,0,2000,3416,20473,5c,0
Florence,10030,35,449300,-5.47,0,2000,3416,20473,5c,0
Florence,10030,36,451800,-4.944,0,2000,3416,20473,5c,0
Florence,10030,37,452200,-4.86,0,2000,3416,20473,5c,0
Florence,10030,38,454200,-4.439,0,2000,3416,20473,5c,0
Florence,10030,39,464400,-2.293,0,2000,3416,20473,5c,0
Florence,10030,40,462200,-2.756,0,2000,3416,20473,5c,0
Florence,10030,41,469600,-1.199,0,2000,3416,20473,5c,0
Florence,10030,42,468600,-1.41,0,2000,3416,20473,5c,0
Florence,10030,43,467600,-1.62,0,2000,3416,20473,5c,0
Florence,10030,44,478700,0.715,0,2000,3416,20473,5c,0
Florence,10030,45,475600,0.063,0,2000,3416,20473,5c,0
Florence,10030,46,478100,0.589,0,2000,3416,20473,5c,0
Florence,10030,47,476900,0.337,0,2000,3416,20473,5c,0
Florence,10030,48,483000,1.62,0,2000,3416,20473,5c,0
Matthew,10031,1,168500,-14.64,0,1986,1512,16553,6c,0
Matthew,10031,2,174400,-11.651,0,1986,1512,16553,6c,0
Matthew,10031,3,175300,-11.196,0,1986,1512,16553,6c,0
Matthew,10031,4,178100,-9.777,0,1986,1512,16553,6c,0
Matthew,10031,5,178500,-9.574,0,1986,1512,16553,6c,0
Matthew,10031,6,179300,-9.169,0,1986,1512,16553,6c,0
Matthew,10031,7,179800,-8.916,0,1986,1512,16553,6c,0
Matthew,10031,8,184000,-6.788,0,1986,1512,16553,6c,0
Matthew,10031,9,182300,-7.649,0,1986,1512,16553,6c,0
Matthew,10031,10,185800,-5.876,0,1986,1512,16553,6c,0
Matthew,10031,11,183100,-7.244,0,1986,1512,16553,6c,0
Matthew,10031,12,183700,-6.94,0,1986,1512,16553,6c,0
Matthew,10031,13,184400,-6.586,0,1986,1512,16553,6c,0
Matthew,10031,14,183800,-6.89,0,1986,1512,16553,6c,0
Matthew,10031,15,184400,-6.586,0,1986,1512,16553,6c,0
Matthew,10031,16,188700,-4.407,0,1986,1512,16553,6c,0
Matthew,10031,17,188700,-4.407,0,1986,1512,16553,6c,0
Matthew,10031,18,198200,0.405,0,1986,1512,16553,6c,0
Matthew,10031,19,197000,-0.203,0,1986,1512,16553,6c,0
Matthew,10031,20,197900,0.253,0,1986,1512,16553,6c,0
Matthew,10031,21,197000,-0.203,0,1986,1512,16553,6c,0
Matthew,10031,22,196700,-0.355,0,1986,1512,16553,6c,0
Matthew,10031,23,196700,-0.355,0,1986,1512,16553,6c,0
Florence,10031,24,197600,0.101,0,1986,1512,16553,6c,0
Florence,10031,25,196900,-0.253,0,1986,1512,16553,6c,0
Florence,10031,26,197300,-0.051,0,1986,1512,16553,6c,0
Florence,10031,27,199100,0.861,0,1986,1512,16553,6c,0
Florence,10031,28,197500,0.051,0,1986,1512,16553,6c,0
Florence,10031,29,199400,1.013,0,1986,1512,16553,6c,0
Florence,10031,30,198200,0.405,0,1986,1512,16553,6c,0
Florence,10031,31,195700,-0.861,0,1986,1512,16553,6c,0
Florence,10031,32,199600,1.114,0,1986,1512,16553,6c,0
Florence,10031,33,200800,1.722,0,1986,1512,16553,6c,0
Florence,10031,34,233900,18.49,0,1986,1512,16553,6c,0
Florence,10031,35,227900,15.451,0,1986,1512,16553,6c,0
Florence,10031,36,227900,15.451,0,1986,1512,16553,6c,0
Florence,10031,37,220700,11.803,0,1986,1512,16553,6c,0
Florence,10031,38,216600,9.726,0,1986,1512,16553,6c,0
Florence,10031,39,216700,9.777,0,1986,1512,16553,6c,0
Florence,10031,40,205900,4.306,0,1986,1512,16553,6c,0
Florence,10031,41,207100,4.914,0,1986,1512,16553,6c,0
Florence,10031,42,210300,6.535,0,1986,1512,16553,6c,0
Florence,10031,43,209800,6.282,0,1986,1512,16553,6c,0
Florence,10031,44,210300,6.535,0,1986,1512,16553,6c,0
Florence,10031,45,212200,7.497,0,1986,1512,16553,6c,0
Florence,10031,46,216900,9.878,0,1986,1512,16553,6c,0
Florence,10031,47,218600,10.74,0,1986,1512,16553,6c,0
Florence,10031,48,218600,10.74,0,1986,1512,16553,6c,0
Matthew,10032,1,199500,-12.481,1,1986,1818,30492,6c,0
Matthew,10032,2,202100,-11.34,1,1986,1818,30492,6c,0
Matthew,10032,3,199900,-12.305,1,1986,1818,30492,6c,0
Matthew,10032,4,201100,-11.779,1,1986,1818,30492,6c,0
Matthew,10032,5,202200,-11.296,1,1986,1818,30492,6c,0
Matthew,10032,6,200500,-12.042,1,1986,1818,30492,6c,0
Matthew,10032,7,204200,-10.419,1,1986,1818,30492,6c,0
Matthew,10032,8,210600,-7.611,1,1986,1818,30492,6c,0
Matthew,10032,9,213500,-6.339,1,1986,1818,30492,6c,0
Matthew,10032,10,215600,-5.418,1,1986,1818,30492,6c,0
Matthew,10032,11,217300,-4.672,1,1986,1818,30492,6c,0
Matthew,10032,12,217200,-4.716,1,1986,1818,30492,6c,0
Matthew,10032,13,208400,-8.576,1,1986,1818,30492,6c,0
Matthew,10032,14,214600,-5.857,1,1986,1818,30492,6c,0
Matthew,10032,15,220700,-3.181,1,1986,1818,30492,6c,0
Matthew,10032,16,230100,0.943,1,1986,1818,30492,6c,0
Matthew,10032,17,225800,-0.943,1,1986,1818,30492,6c,0
Matthew,10032,18,228200,0.11,1,1986,1818,30492,6c,0
Matthew,10032,19,227800,-0.066,1,1986,1818,30492,6c,0
Matthew,10032,20,228900,0.417,1,1986,1818,30492,6c,0
Matthew,10032,21,229300,0.592,1,1986,1818,30492,6c,0
Matthew,10032,22,227200,-0.329,1,1986,1818,30492,6c,0
Matthew,10032,23,224600,-1.47,1,1986,1818,30492,6c,0
Florence,10032,24,226100,-0.812,1,1986,1818,30492,6c,0
Florence,10032,25,228100,0.066,1,1986,1818,30492,6c,0
Florence,10032,26,224700,-1.426,1,1986,1818,30492,6c,0
Florence,10032,27,222200,-2.522,1,1986,1818,30492,6c,0
Florence,10032,28,222700,-2.303,1,1986,1818,30492,6c,0
Florence,10032,29,225200,-1.206,1,1986,1818,30492,6c,0
Florence,10032,30,229700,0.768,1,1986,1818,30492,6c,0
Florence,10032,31,232100,1.821,1,1986,1818,30492,6c,0
Florence,10032,32,231600,1.601,1,1986,1818,30492,6c,0
Florence,10032,33,233500,2.435,1,1986,1818,30492,6c,0
Florence,10032,34,236200,3.619,1,1986,1818,30492,6c,0
Florence,10032,35,240200,5.374,1,1986,1818,30492,6c,0
Florence,10032,36,238700,4.716,1,1986,1818,30492,6c,0
Florence,10032,37,243500,6.822,1,1986,1818,30492,6c,0
Florence,10032,38,239200,4.935,1,1986,1818,30492,6c,0
Florence,10032,39,241300,5.857,1,1986,1818,30492,6c,0
Florence,10032,40,241300,5.857,1,1986,1818,30492,6c,0
Florence,10032,41,247000,8.357,1,1986,1818,30492,6c,0
Florence,10032,42,250900,10.068,1,1986,1818,30492,6c,0
Florence,10032,43,251700,10.419,1,1986,1818,30492,6c,0
Florence,10032,44,253600,11.252,1,1986,1818,30492,6c,0
Florence,10032,45,256100,12.349,1,1986,1818,30492,6c,0
Florence,10032,46,259000,13.621,1,1986,1818,30492,6c,0
Florence,10032,47,259100,13.665,1,1986,1818,30492,6c,0
Florence,10032,48,259100,13.665,1,1986,1818,30492,6c,0
Matthew,10033,1,254800,-10.092,1,1995,2365,18731,7c,0
Matthew,10033,2,257400,-9.174,1,1995,2365,18731,7c,0
Matthew,10033,3,254900,-10.056,1,1995,2365,18731,7c,0
Matthew,10033,4,253200,-10.656,1,1995,2365,18731,7c,0
Matthew,10033,5,255500,-9.845,1,1995,2365,18731,7c,0
Matthew,10033,6,258700,-8.716,1,1995,2365,18731,7c,0
Matthew,10033,7,259200,-8.539,1,1995,2365,18731,7c,0
Matthew,10033,8,259800,-8.327,1,1995,2365,18731,7c,0
Matthew,10033,9,264000,-6.845,1,1995,2365,18731,7c,0
Matthew,10033,10,266900,-5.822,1,1995,2365,18731,7c,0
Matthew,10033,11,267900,-5.469,1,1995,2365,18731,7c,0
Matthew,10033,12,270700,-4.481,1,1995,2365,18731,7c,0
Matthew,10033,13,269400,-4.94,1,1995,2365,18731,7c,0
Matthew,10033,14,272400,-3.881,1,1995,2365,18731,7c,0
Matthew,10033,15,275400,-2.823,1,1995,2365,18731,7c,0
Matthew,10033,16,283500,0.035,1,1995,2365,18731,7c,0
Matthew,10033,17,282100,-0.459,1,1995,2365,18731,7c,0
Matthew,10033,18,278600,-1.694,1,1995,2365,18731,7c,0
Matthew,10033,19,278800,-1.623,1,1995,2365,18731,7c,0
Matthew,10033,20,279900,-1.235,1,1995,2365,18731,7c,0
Matthew,10033,21,278600,-1.694,1,1995,2365,18731,7c,0
Matthew,10033,22,278200,-1.835,1,1995,2365,18731,7c,0
Matthew,10033,23,280000,-1.2,1,1995,2365,18731,7c,0
Florence,10033,24,280200,-1.129,1,1995,2365,18731,7c,0
Florence,10033,25,283700,0.106,1,1995,2365,18731,7c,0
Florence,10033,26,284100,0.247,1,1995,2365,18731,7c,0
Florence,10033,27,285300,0.67,1,1995,2365,18731,7c,0
Florence,10033,28,283300,-0.035,1,1995,2365,18731,7c,0
Florence,10033,29,286500,1.094,1,1995,2365,18731,7c,0
Florence,10033,30,290100,2.364,1,1995,2365,18731,7c,0
Florence,10033,31,295900,4.411,1,1995,2365,18731,7c,0
Florence,10033,32,296800,4.728,1,1995,2365,18731,7c,0
Florence,10033,33,302400,6.704,1,1995,2365,18731,7c,0
Florence,10033,34,302900,6.881,1,1995,2365,18731,7c,0
Florence,10033,35,302000,6.563,1,1995,2365,18731,7c,0
Florence,10033,36,300900,6.175,1,1995,2365,18731,7c,0
Florence,10033,37,302400,6.704,1,1995,2365,18731,7c,0
Florence,10033,38,305900,7.939,1,1995,2365,18731,7c,0
Florence,10033,39,299200,5.575,1,1995,2365,18731,7c,0
Florence,10033,40,306400,8.116,1,1995,2365,18731,7c,0
Florence,10033,41,305400,7.763,1,1995,2365,18731,7c,0
Florence,10033,42,305900,7.939,1,1995,2365,18731,7c,0
Florence,10033,43,306800,8.257,1,1995,2365,18731,7c,0
Florence,10033,44,305900,7.939,1,1995,2365,18731,7c,0
Florence,10033,45,306100,8.01,1,1995,2365,18731,7c,0
Florence,10033,46,308600,8.892,1,1995,2365,18731,7c,0
Florence,10033,47,311400,9.88,1,1995,2365,18731,7c,0
Florence,10033,48,317000,11.856,1,1995,2365,18731,7c,0
Matthew,10034,1,374000,-2.515,1,1994,2857,21344,7c,0
Matthew,10034,2,369600,-3.662,1,1994,2857,21344,7c,0
Matthew,10034,3,369300,-3.74,1,1994,2857,21344,7c,0
Matthew,10034,4,370300,-3.48,1,1994,2857,21344,7c,0
Matthew,10034,5,369600,-3.662,1,1994,2857,21344,7c,0
Matthew,10034,6,375200,-2.203,1,1994,2857,21344,7c,0
Matthew,10034,7,376400,-1.89,1,1994,2857,21344,7c,0
Matthew,10034,8,377400,-1.629,1,1994,2857,21344,7c,0
Matthew,10034,9,380700,-0.769,1,1994,2857,21344,7c,0
Matthew,10034,10,383900,0.065,1,1994,2857,21344,7c,0
Matthew,10034,11,385700,0.534,1,1994,2857,21344,7c,0
Matthew,10034,12,389700,1.577,1,1994,2857,21344,7c,0
Matthew,10034,13,388800,1.342,1,1994,2857,21344,7c,0
Matthew,10034,14,390600,1.812,1,1994,2857,21344,7c,0
Matthew,10034,15,395900,3.193,1,1994,2857,21344,7c,0
Matthew,10034,16,409800,6.816,1,1994,2857,21344,7c,0
Matthew,10034,17,408300,6.425,1,1994,2857,21344,7c,0
Matthew,10034,18,400600,4.418,1,1994,2857,21344,7c,0
Matthew,10034,19,400100,4.288,1,1994,2857,21344,7c,0
Matthew,10034,20,390800,1.864,1,1994,2857,21344,7c,0
Matthew,10034,21,377000,-1.733,1,1994,2857,21344,7c,0
Matthew,10034,22,365500,-4.731,1,1994,2857,21344,7c,0
Matthew,10034,23,365200,-4.809,1,1994,2857,21344,7c,0
Florence,10034,24,366100,-4.574,1,1994,2857,21344,7c,0
Florence,10034,25,368500,-3.949,1,1994,2857,21344,7c,0
Florence,10034,26,369800,-3.61,1,1994,2857,21344,7c,0
Florence,10034,27,371300,-3.219,1,1994,2857,21344,7c,0
Florence,10034,28,369200,-3.766,1,1994,2857,21344,7c,0
Florence,10034,29,370100,-3.532,1,1994,2857,21344,7c,0
Florence,10034,30,371600,-3.141,1,1994,2857,21344,7c,0
Florence,10034,31,374600,-2.359,1,1994,2857,21344,7c,0
Florence,10034,32,374800,-2.307,1,1994,2857,21344,7c,0
Florence,10034,33,379200,-1.16,1,1994,2857,21344,7c,0
Florence,10034,34,381400,-0.586,1,1994,2857,21344,7c,0
Florence,10034,35,383400,-0.065,1,1994,2857,21344,7c,0
Florence,10034,36,385400,0.456,1,1994,2857,21344,7c,0
Florence,10034,37,386400,0.717,1,1994,2857,21344,7c,0
Florence,10034,38,387600,1.03,1,1994,2857,21344,7c,0
Florence,10034,39,396100,3.245,1,1994,2857,21344,7c,0
Florence,10034,40,394500,2.828,1,1994,2857,21344,7c,0
Florence,10034,41,400400,4.366,1,1994,2857,21344,7c,0
Florence,10034,42,399700,4.184,1,1994,2857,21344,7c,0
Florence,10034,43,399200,4.053,1,1994,2857,21344,7c,0
Florence,10034,44,407800,6.295,1,1994,2857,21344,7c,0
Florence,10034,45,405700,5.747,1,1994,2857,21344,7c,0
Florence,10034,46,407800,6.295,1,1994,2857,21344,7c,0
Florence,10034,47,407100,6.112,1,1994,2857,21344,7c,0
Florence,10034,48,412100,7.416,1,1994,2857,21344,7c,0
Matthew,10035,1,616000,-7.473,0,1997,4270,21780,8c,0
Matthew,10035,2,612700,-7.968,0,1997,4270,21780,8c,0
Matthew,10035,3,615500,-7.548,0,1997,4270,21780,8c,0
Matthew,10035,4,610000,-8.374,0,1997,4270,21780,8c,0
Matthew,10035,5,618700,-7.067,0,1997,4270,21780,8c,0
Matthew,10035,6,624700,-6.166,0,1997,4270,21780,8c,0
Matthew,10035,7,629000,-5.52,0,1997,4270,21780,8c,0
Matthew,10035,8,640300,-3.823,0,1997,4270,21780,8c,0
Matthew,10035,9,637800,-4.198,0,1997,4270,21780,8c,0
Matthew,10035,10,644300,-3.222,0,1997,4270,21780,8c,0
Matthew,10035,11,648200,-2.636,0,1997,4270,21780,8c,0
Matthew,10035,12,643900,-3.282,0,1997,4270,21780,8c,0
Matthew,10035,13,639400,-3.958,0,1997,4270,21780,8c,0
Matthew,10035,14,657700,-1.209,0,1997,4270,21780,8c,0
Matthew,10035,15,680600,2.231,0,1997,4270,21780,8c,0
Matthew,10035,16,664700,-0.158,0,1997,4270,21780,8c,0
Matthew,10035,17,668300,0.383,0,1997,4270,21780,8c,0
Matthew,10035,18,644500,-3.192,0,1997,4270,21780,8c,0
Matthew,10035,19,676900,1.675,0,1997,4270,21780,8c,0
Matthew,10035,20,659600,-0.924,0,1997,4270,21780,8c,0
Matthew,10035,21,673400,1.149,0,1997,4270,21780,8c,0
Matthew,10035,22,655200,-1.585,0,1997,4270,21780,8c,0
Matthew,10035,23,660100,-0.849,0,1997,4270,21780,8c,0
Florence,10035,24,649600,-2.426,0,1997,4270,21780,8c,0
Florence,10035,25,663100,-0.398,0,1997,4270,21780,8c,0
Florence,10035,26,665600,-0.023,0,1997,4270,21780,8c,0
Florence,10035,27,694400,4.303,0,1997,4270,21780,8c,0
Florence,10035,28,708500,6.421,0,1997,4270,21780,8c,0
Florence,10035,29,701600,5.385,0,1997,4270,21780,8c,0
Florence,10035,30,703800,5.715,0,1997,4270,21780,8c,0
Florence,10035,31,649500,-2.441,0,1997,4270,21780,8c,0
Florence,10035,32,663200,-0.383,0,1997,4270,21780,8c,0
Florence,10035,33,672500,1.014,0,1997,4270,21780,8c,0
Florence,10035,34,694200,4.273,0,1997,4270,21780,8c,0
Florence,10035,35,707900,6.331,0,1997,4270,21780,8c,0
Florence,10035,36,728900,9.486,0,1997,4270,21780,8c,0
Florence,10035,37,689800,3.612,0,1997,4270,21780,8c,0
Florence,10035,38,667600,0.278,0,1997,4270,21780,8c,0
Florence,10035,39,665900,0.023,0,1997,4270,21780,8c,0
Florence,10035,40,681700,2.396,0,1997,4270,21780,8c,0
Florence,10035,41,680900,2.276,0,1997,4270,21780,8c,0
Florence,10035,42,687200,3.222,0,1997,4270,21780,8c,0
Florence,10035,43,694700,4.348,0,1997,4270,21780,8c,0
Florence,10035,44,694100,4.258,0,1997,4270,21780,8c,0
Florence,10035,45,703900,5.73,0,1997,4270,21780,8c,0
Florence,10035,46,735100,10.417,0,1997,4270,21780,8c,0
Florence,10035,47,747200,12.234,0,1997,4270,21780,8c,0
Florence,10035,48,734100,10.267,0,1997,4270,21780,8c,0
Matthew,10036,1,388700,0.478,1,2007,2000,2178,8c,0
Matthew,10036,2,394400,1.952,1,2007,2000,2178,8c,0
Matthew,10036,3,382100,-1.228,1,2007,2000,2178,8c,0
Matthew,10036,4,388800,0.504,1,2007,2000,2178,8c,0
Matthew,10036,5,402100,3.942,1,2007,2000,2178,8c,0
Matthew,10036,6,411700,6.424,1,2007,2000,2178,8c,0
Matthew,10036,7,411100,6.269,1,2007,2000,2178,8c,0
Matthew,10036,8,414900,7.251,1,2007,2000,2178,8c,0
Matthew,10036,9,396100,2.391,1,2007,2000,2178,8c,0
Matthew,10036,10,371600,-3.942,1,2007,2000,2178,8c,0
Matthew,10036,11,363300,-6.088,1,2007,2000,2178,8c,0
Matthew,10036,12,365400,-5.545,1,2007,2000,2178,8c,0
Matthew,10036,13,374100,-3.296,1,2007,2000,2178,8c,0
Matthew,10036,14,368600,-4.718,1,2007,2000,2178,8c,0
Matthew,10036,15,380100,-1.745,1,2007,2000,2178,8c,0
Matthew,10036,16,375400,-2.96,1,2007,2000,2178,8c,0
Matthew,10036,17,373800,-3.373,1,2007,2000,2178,8c,0
Matthew,10036,18,369600,-4.459,1,2007,2000,2178,8c,0
Matthew,10036,19,371100,-4.071,1,2007,2000,2178,8c,0
Matthew,10036,20,372700,-3.658,1,2007,2000,2178,8c,0
Matthew,10036,21,373200,-3.528,1,2007,2000,2178,8c,0
Matthew,10036,22,373100,-3.554,1,2007,2000,2178,8c,0
Matthew,10036,23,375000,-3.063,1,2007,2000,2178,8c,0
Florence,10036,24,375300,-2.986,1,2007,2000,2178,8c,0
Florence,10036,25,379300,-1.952,1,2007,2000,2178,8c,0
Florence,10036,26,380300,-1.693,1,2007,2000,2178,8c,0
Florence,10036,27,381500,-1.383,1,2007,2000,2178,8c,0
Florence,10036,28,378400,-2.184,1,2007,2000,2178,8c,0
Florence,10036,29,378500,-2.158,1,2007,2000,2178,8c,0
Florence,10036,30,379900,-1.797,1,2007,2000,2178,8c,0
Florence,10036,31,384200,-0.685,1,2007,2000,2178,8c,0
Florence,10036,32,385000,-0.478,1,2007,2000,2178,8c,0
Florence,10036,33,390100,0.84,1,2007,2000,2178,8c,0
Florence,10036,34,392800,1.538,1,2007,2000,2178,8c,0
Florence,10036,35,395200,2.158,1,2007,2000,2178,8c,0
Florence,10036,36,396900,2.598,1,2007,2000,2178,8c,0
Florence,10036,37,397700,2.805,1,2007,2000,2178,8c,0
Florence,10036,38,399200,3.192,1,2007,2000,2178,8c,0
Florence,10036,39,406600,5.105,1,2007,2000,2178,8c,0
Florence,10036,40,405700,4.873,1,2007,2000,2178,8c,0
Florence,10036,41,410900,6.217,1,2007,2000,2178,8c,0
Florence,10036,42,411500,6.372,1,2007,2000,2178,8c,0
Florence,10036,43,410300,6.062,1,2007,2000,2178,8c,0
Florence,10036,44,419200,8.362,1,2007,2000,2178,8c,0
Florence,10036,45,417600,7.949,1,2007,2000,2178,8c,0
Florence,10036,46,419800,8.518,1,2007,2000,2178,8c,0
Florence,10036,47,419600,8.466,1,2007,2000,2178,8c,0
Florence,10036,48,424600,9.758,1,2007,2000,2178,8c,0
Matthew,10037,1,299600,-11.973,1,1999,2300,16553,9c,0
Matthew,10037,2,303000,-10.974,1,1999,2300,16553,9c,0
Matthew,10037,3,298700,-12.237,1,1999,2300,16553,9c,0
Matthew,10037,4,296900,-12.766,1,1999,2300,16553,9c,0
Matthew,10037,5,299800,-11.914,1,1999,2300,16553,9c,0
Matthew,10037,6,303400,-10.856,1,1999,2300,16553,9c,0
Matthew,10037,7,303700,-10.768,1,1999,2300,16553,9c,0
Matthew,10037,8,304200,-10.621,1,1999,2300,16553,9c,0
Matthew,10037,9,309600,-9.035,1,1999,2300,16553,9c,0
Matthew,10037,10,312600,-8.153,1,1999,2300,16553,9c,0
Matthew,10037,11,313900,-7.771,1,1999,2300,16553,9c,0
Matthew,10037,12,317700,-6.655,1,1999,2300,16553,9c,0
Matthew,10037,13,316000,-7.154,1,1999,2300,16553,9c,0
Matthew,10037,14,318400,-6.449,1,1999,2300,16553,9c,0
Matthew,10037,15,323400,-4.98,1,1999,2300,16553,9c,0
Matthew,10037,16,334400,-1.748,1,1999,2300,16553,9c,0
Matthew,10037,17,332700,-2.248,1,1999,2300,16553,9c,0
Matthew,10037,18,327600,-3.746,1,1999,2300,16553,9c,0
Matthew,10037,19,328000,-3.629,1,1999,2300,16553,9c,0
Matthew,10037,20,329500,-3.188,1,1999,2300,16553,9c,0
Matthew,10037,21,329700,-3.129,1,1999,2300,16553,9c,0
Matthew,10037,22,332900,-2.189,1,1999,2300,16553,9c,0
Matthew,10037,23,341600,0.367,1,1999,2300,16553,9c,0
Florence,10037,24,341300,0.279,1,1999,2300,16553,9c,0
Florence,10037,25,338900,-0.426,1,1999,2300,16553,9c,0
Florence,10037,26,341500,0.338,1,1999,2300,16553,9c,0
Florence,10037,27,339400,-0.279,1,1999,2300,16553,9c,0
Florence,10037,28,344900,1.337,1,1999,2300,16553,9c,0
Florence,10037,29,346800,1.895,1,1999,2300,16553,9c,0
Florence,10037,30,352700,3.629,1,1999,2300,16553,9c,0
Florence,10037,31,358300,5.274,1,1999,2300,16553,9c,0
Florence,10037,32,361600,6.244,1,1999,2300,16553,9c,0
Florence,10037,33,361500,6.214,1,1999,2300,16553,9c,0
Florence,10037,34,354700,4.216,1,1999,2300,16553,9c,0
Florence,10037,35,355200,4.363,1,1999,2300,16553,9c,0
Florence,10037,36,360700,5.979,1,1999,2300,16553,9c,0
Florence,10037,37,362500,6.508,1,1999,2300,16553,9c,0
Florence,10037,38,352500,3.57,1,1999,2300,16553,9c,0
Florence,10037,39,349900,2.806,1,1999,2300,16553,9c,0
Florence,10037,40,365300,7.331,1,1999,2300,16553,9c,0
Florence,10037,41,354500,4.157,1,1999,2300,16553,9c,0
Florence,10037,42,354000,4.011,1,1999,2300,16553,9c,0
Florence,10037,43,354700,4.216,1,1999,2300,16553,9c,0
Florence,10037,44,364400,7.066,1,1999,2300,16553,9c,0
Florence,10037,45,364100,6.978,1,1999,2300,16553,9c,0
Florence,10037,46,365400,7.36,1,1999,2300,16553,9c,0
Florence,10037,47,369200,8.477,1,1999,2300,16553,9c,0
Florence,10037,48,371200,9.064,1,1999,2300,16553,9c,0
Matthew,10038,1,560400,4.669,0,2006,3615,13939,9c,0
Matthew,10038,2,551500,3.007,0,2006,3615,13939,9c,0
Matthew,10038,3,549700,2.671,0,2006,3615,13939,9c,0
Matthew,10038,4,540200,0.897,0,2006,3615,13939,9c,0
Matthew,10038,5,542300,1.289,0,2006,3615,13939,9c,0
Matthew,10038,6,540000,0.859,0,2006,3615,13939,9c,0
Matthew,10038,7,550400,2.802,0,2006,3615,13939,9c,0
Matthew,10038,8,544900,1.774,0,2006,3615,13939,9c,0
Matthew,10038,9,543700,1.55,0,2006,3615,13939,9c,0
Matthew,10038,10,537100,0.318,0,2006,3615,13939,9c,0
Matthew,10038,11,529300,-1.139,0,2006,3615,13939,9c,0
Matthew,10038,12,525200,-1.905,0,2006,3615,13939,9c,0
Matthew,10038,13,531700,-0.691,0,2006,3615,13939,9c,0
Matthew,10038,14,524300,-2.073,0,2006,3615,13939,9c,0
Matthew,10038,15,511600,-4.445,0,2006,3615,13939,9c,0
Matthew,10038,16,543100,1.438,0,2006,3615,13939,9c,0
Matthew,10038,17,513100,-4.165,0,2006,3615,13939,9c,0
Matthew,10038,18,480800,-10.198,0,2006,3615,13939,9c,0
Matthew,10038,19,488300,-8.797,0,2006,3615,13939,9c,0
Matthew,10038,20,494300,-7.677,0,2006,3615,13939,9c,0
Matthew,10038,21,517100,-3.418,0,2006,3615,13939,9c,0
Matthew,10038,22,510800,-4.595,0,2006,3615,13939,9c,0
Matthew,10038,23,485600,-9.301,0,2006,3615,13939,9c,0
Florence,10038,24,474900,-11.3,0,2006,3615,13939,9c,0
Florence,10038,25,490100,-8.461,0,2006,3615,13939,9c,0
Florence,10038,26,511900,-4.389,0,2006,3615,13939,9c,0
Florence,10038,27,517100,-3.418,0,2006,3615,13939,9c,0
Florence,10038,28,514900,-3.829,0,2006,3615,13939,9c,0
Florence,10038,29,522700,-2.372,0,2006,3615,13939,9c,0
Florence,10038,30,515000,-3.81,0,2006,3615,13939,9c,0
Florence,10038,31,528300,-1.326,0,2006,3615,13939,9c,0
Florence,10038,32,550100,2.746,0,2006,3615,13939,9c,0
Florence,10038,33,569000,6.276,0,2006,3615,13939,9c,0
Florence,10038,34,558000,4.221,0,2006,3615,13939,9c,0
Florence,10038,35,540900,1.027,0,2006,3615,13939,9c,0
Florence,10038,36,532900,-0.467,0,2006,3615,13939,9c,0
Florence,10038,37,530600,-0.897,0,2006,3615,13939,9c,0
Florence,10038,38,553500,3.381,0,2006,3615,13939,9c,0
Florence,10038,39,539100,0.691,0,2006,3615,13939,9c,0
Florence,10038,40,540300,0.915,0,2006,3615,13939,9c,0
Florence,10038,41,539800,0.822,0,2006,3615,13939,9c,0
Florence,10038,42,532500,-0.542,0,2006,3615,13939,9c,0
Florence,10038,43,533700,-0.318,0,2006,3615,13939,9c,0
Florence,10038,44,541600,1.158,0,2006,3615,13939,9c,0
Florence,10038,45,546200,2.017,0,2006,3615,13939,9c,0
Florence,10038,46,544000,1.606,0,2006,3615,13939,9c,0
Florence,10038,47,548300,2.409,0,2006,3615,13939,9c,0
Florence,10038,48,539500,0.766,0,2006,3615,13939,9c,0
Matthew,10039,1,264000,5.516,0,1985,2920,16988,10c,0
Matthew,10039,2,264200,5.596,0,1985,2920,16988,10c,0
Matthew,10039,3,266700,6.595,0,1985,2920,16988,10c,0
Matthew,10039,4,242300,-3.157,0,1985,2920,16988,10c,0
Matthew,10039,5,242500,-3.078,0,1985,2920,16988,10c,0
Matthew,10039,6,240500,-3.877,0,1985,2920,16988,10c,0
Matthew,10039,7,240000,-4.077,0,1985,2920,16988,10c,0
Matthew,10039,8,245600,-1.839,0,1985,2920,16988,10c,0
Matthew,10039,9,245800,-1.759,0,1985,2920,16988,10c,0
Matthew,10039,10,251300,0.44,0,1985,2920,16988,10c,0
Matthew,10039,11,258500,3.317,0,1985,2920,16988,10c,0
Matthew,10039,12,256500,2.518,0,1985,2920,16988,10c,0
Matthew,10039,13,242300,-3.157,0,1985,2920,16988,10c,0
Matthew,10039,14,246900,-1.319,0,1985,2920,16988,10c,0
Matthew,10039,15,246400,-1.519,0,1985,2920,16988,10c,0
Matthew,10039,16,248200,-0.799,0,1985,2920,16988,10c,0
Matthew,10039,17,249100,-0.44,0,1985,2920,16988,10c,0
Matthew,10039,18,246100,-1.639,0,1985,2920,16988,10c,0
Matthew,10039,19,252700,0.999,0,1985,2920,16988,10c,0
Matthew,10039,20,247400,-1.119,0,1985,2920,16988,10c,0
Matthew,10039,21,247800,-0.959,0,1985,2920,16988,10c,0
Matthew,10039,22,247900,-0.919,0,1985,2920,16988,10c,0
Matthew,10039,23,235900,-5.715,0,1985,2920,16988,10c,0
Florence,10039,24,237700,-4.996,0,1985,2920,16988,10c,0
Florence,10039,25,230900,-7.714,0,1985,2920,16988,10c,0
Florence,10039,26,240700,-3.797,0,1985,2920,16988,10c,0
Florence,10039,27,233100,-6.835,0,1985,2920,16988,10c,0
Florence,10039,28,246200,-1.599,0,1985,2920,16988,10c,0
Florence,10039,29,242900,-2.918,0,1985,2920,16988,10c,0
Florence,10039,30,243200,-2.798,0,1985,2920,16988,10c,0
Florence,10039,31,248500,-0.679,0,1985,2920,16988,10c,0
Florence,10039,32,259300,3.637,0,1985,2920,16988,10c,0
Florence,10039,33,262100,4.756,0,1985,2920,16988,10c,0
Florence,10039,34,258000,3.118,0,1985,2920,16988,10c,0
Florence,10039,35,267800,7.034,0,1985,2920,16988,10c,0
Florence,10039,36,269100,7.554,0,1985,2920,16988,10c,0
Florence,10039,37,268200,7.194,0,1985,2920,16988,10c,0
Florence,10039,38,257700,2.998,0,1985,2920,16988,10c,0
Florence,10039,39,264200,5.596,0,1985,2920,16988,10c,0
Florence,10039,40,265900,6.275,0,1985,2920,16988,10c,0
Florence,10039,41,277100,10.751,0,1985,2920,16988,10c,0
Florence,10039,42,296100,18.345,0,1985,2920,16988,10c,0
Florence,10039,43,301300,20.424,0,1985,2920,16988,10c,0
Florence,10039,44,309600,23.741,0,1985,2920,16988,10c,0
Florence,10039,45,311100,24.341,0,1985,2920,16988,10c,0
Florence,10039,46,310000,23.901,0,1985,2920,16988,10c,0
Florence,10039,47,310000,23.901,0,1985,2920,16988,10c,0
Florence,10039,48,319600,27.738,0,1985,2920,16988,10c,0
Matthew,10040,1,172300,-4.091,1,1985,1868,16988,10c,0
Matthew,10040,2,174400,-2.922,1,1985,1868,16988,10c,0
Matthew,10040,3,171200,-4.704,1,1985,1868,16988,10c,0
Matthew,10040,4,176000,-2.032,1,1985,1868,16988,10c,0
Matthew,10040,5,176500,-1.753,1,1985,1868,16988,10c,0
Matthew,10040,6,177300,-1.308,1,1985,1868,16988,10c,0
Matthew,10040,7,177700,-1.085,1,1985,1868,16988,10c,0
Matthew,10040,8,178100,-0.863,1,1985,1868,16988,10c,0
Matthew,10040,9,186900,4.036,1,1985,1868,16988,10c,0
Matthew,10040,10,179400,-0.139,1,1985,1868,16988,10c,0
Matthew,10040,11,180700,0.584,1,1985,1868,16988,10c,0
Matthew,10040,12,179200,-0.25,1,1985,1868,16988,10c,0
Matthew,10040,13,173200,-3.59,1,1985,1868,16988,10c,0
Matthew,10040,14,169700,-5.539,1,1985,1868,16988,10c,0
Matthew,10040,15,171200,-4.704,1,1985,1868,16988,10c,0
Matthew,10040,16,167200,-6.93,1,1985,1868,16988,10c,0
Matthew,10040,17,167400,-6.819,1,1985,1868,16988,10c,0
Matthew,10040,18,172500,-3.98,1,1985,1868,16988,10c,0
Matthew,10040,19,171000,-4.815,1,1985,1868,16988,10c,0
Matthew,10040,20,171100,-4.759,1,1985,1868,16988,10c,0
Matthew,10040,21,172000,-4.258,1,1985,1868,16988,10c,0
Matthew,10040,22,175800,-2.143,1,1985,1868,16988,10c,0
Matthew,10040,23,185300,3.145,1,1985,1868,16988,10c,0
Florence,10040,24,186500,3.813,1,1985,1868,16988,10c,0
Florence,10040,25,179900,0.139,1,1985,1868,16988,10c,0
Florence,10040,26,182200,1.419,1,1985,1868,16988,10c,0
Florence,10040,27,180300,0.362,1,1985,1868,16988,10c,0
Florence,10040,28,178800,-0.473,1,1985,1868,16988,10c,0
Florence,10040,29,173300,-3.535,1,1985,1868,16988,10c,0
Florence,10040,30,179300,-0.195,1,1985,1868,16988,10c,0
Florence,10040,31,180600,0.529,1,1985,1868,16988,10c,0
Florence,10040,32,177600,-1.141,1,1985,1868,16988,10c,0
Florence,10040,33,187600,4.425,1,1985,1868,16988,10c,0
Florence,10040,34,190800,6.207,1,1985,1868,16988,10c,0
Florence,10040,35,188100,4.704,1,1985,1868,16988,10c,0
Florence,10040,36,188200,4.759,1,1985,1868,16988,10c,0
Florence,10040,37,185800,3.423,1,1985,1868,16988,10c,0
Florence,10040,38,184000,2.421,1,1985,1868,16988,10c,0
Florence,10040,39,186600,3.869,1,1985,1868,16988,10c,0
Florence,10040,40,197400,9.88,1,1985,1868,16988,10c,0
Florence,10040,41,197300,9.825,1,1985,1868,16988,10c,0
Florence,10040,42,203200,13.109,1,1985,1868,16988,10c,0
Florence,10040,43,208700,16.17,1,1985,1868,16988,10c,0
Florence,10040,44,218400,21.57,1,1985,1868,16988,10c,0
Florence,10040,45,221700,23.407,1,1985,1868,16988,10c,0
Florence,10040,46,224200,24.798,1,1985,1868,16988,10c,0
Florence,10040,47,230100,28.082,1,1985,1868,16988,10c,0
Florence,10040,48,235100,30.866,1,1985,1868,16988,10c,0
