EVENT,PROPERTY_ID,MONTHS_POST_FLOOD,ABSOLUTE_VALUE,PERCENTAGE_CHANGE_FROM_MEDIAN_PRICE,SINGLE_STORY,YEAR_BUILT,SQUARE_FOOTAGE,LOT_SIZE,ZONE,CUMUL_FLOODS,DIFF
Matthew,10001,1,254700,-4.803,1,2004,2032,19166,1,1,1100
Matthew,10001,2,255800,-4.392,1,2004,2032,19166,1,1,3900
Matthew,10001,3,259700,-2.934,1,2004,2032,19166,1,1,3800
Matthew,10001,4,263500,-1.514,1,2004,2032,19166,1,1,2200
Matthew,10001,5,265700,-0.691,1,2004,2032,19166,1,1,500
Matthew,10001,6,266200,-0.505,1,2004,2032,19166,1,1,5900
Matthew,10001,7,272100,1.701,1,2004,2032,19166,1,1,-5000
Matthew,10001,8,267100,-0.168,1,2004,2032,19166,1,1,1000
Matthew,10001,9,268100,0.206,1,2004,2032,19166,1,1,-800
Matthew,10001,10,267300,-0.093,1,2004,2032,19166,1,1,2200
Matthew,10001,11,269500,0.729,1,2004,2032,19166,1,1,2100
Matthew,10001,12,271600,1.514,1,2004,2032,19166,1,1,-16500
Matthew,10001,13,255100,-4.653,1,2004,2032,19166,1,1,1700
Matthew,10001,14,256800,-4.018,1,2004,2032,19166,1,1,2200
Matthew,10001,15,259000,-3.196,1,2004,2032,19166,1,1,4400
Matthew,10001,16,263400,-1.551,1,2004,2032,19166,1,1,500
Matthew,10001,17,263900,-1.364,1,2004,2032,19166,1,1,-1900
Matthew,10001,18,262000,-2.074,1,2004,2032,19166,1,1,300
Matthew,10001,19,262300,-1.962,1,2004,2032,19166,1,1,1100
Matthew,10001,20,263400,-1.551,1,2004,2032,19166,1,1,-1100
Matthew,10001,21,262300,-1.962,1,2004,2032,19166,1,1,-400
Matthew,10001,22,261900,-2.112,1,2004,2032,19166,1,1,1800
Matthew,10001,23,263700,-1.439,1,2004,2032,19166,1,1,200
Florence,10001,1,263900,-1.364,1,2004,2032,19166,1,2,2800
Florence,10001,2,266700,-0.318,1,2004,2032,19166,1,2,800
Florence,10001,3,267500,-0.019,1,2004,2032,19166,1,2,900
Florence,10001,4,268400,0.318,1,2004,2032,19166,1,2,-1700
Florence,10001,5,266700,-0.318,1,2004,2032,19166,1,2,-200
Florence,10001,6,266500,-0.392,1,2004,2032,19166,1,2,1100
Florence,10001,7,267600,0.019,1,2004,2032,19166,1,2,3300
Florence,10001,8,270900,1.252,1,2004,2032,19166,1,2,800
Florence,10001,9,271700,1.551,1,2004,2032,19166,1,2,3600
Florence,10001,10,275300,2.897,1,2004,2032,19166,1,2,1500
Florence,10001,11,276800,3.457,1,2004,2032,19166,1,2,1200
Florence,10001,12,278000,3.906,1,2004,2032,19166,1,2,1300
Florence,10001,13,279300,4.392,1,2004,2032,19166,1,2,-100
Florence,10001,14,279200,4.354,1,2004,2032,19166,1,2,1900
Florence,10001,15,281100,5.064,1,2004,2032,19166,1,2,500
Florence,10001,16,281600,5.251,1,2004,2032,19166,1,2,3600
Florence,10001,17,285200,6.597,1,2004,2032,19166,1,2,3500
Florence,10001,18,288700,7.905,1,2004,2032,19166,1,2,1300
Florence,10001,19,290000,8.391,1,2004,2032,19166,1,2,-1300
Florence,10001,20,288700,7.905,1,2004,2032,19166,1,2,6700
Florence,10001,21,295400,10.409,1,2004,2032,19166,1,2,-1000
Florence,10001,22,294400,10.036,1,2004,2032,19166,1,2,1100
Florence,10001,23,295500,10.447,1,2004,2032,19166,1,2,0
Florence,10001,24,295500,10.447,1,2004,2032,19166,1,2,3200
Florence,10001,25,298700,11.643,1,2004,2032,19166,1,2,3200
Matthew,10002,1,331400,-1.705,1,2007,2450,14375,1,1,-8100
Matthew,10002,2,323300,-4.108,1,2007,2450,14375,1,1,0
Matthew,10002,3,323300,-4.108,1,2007,2450,14375,1,1,6200
Matthew,10002,4,329500,-2.269,1,2007,2450,14375,1,1,2600
Matthew,10002,5,332100,-1.498,1,2007,2450,14375,1,1,0
Matthew,10002,6,332100,-1.498,1,2007,2450,14375,1,1,-13500
Matthew,10002,7,318600,-5.502,1,2007,2450,14375,1,1,-500
Matthew,10002,8,318100,-5.65,1,2007,2450,14375,1,1,7500
Matthew,10002,9,325600,-3.426,1,2007,2450,14375,1,1,-2400
Matthew,10002,10,323200,-4.138,1,2007,2450,14375,1,1,-500
Matthew,10002,11,322700,-4.286,1,2007,2450,14375,1,1,8100
Matthew,10002,12,330800,-1.883,1,2007,2450,14375,1,1,3000
Matthew,10002,13,333800,-0.994,1,2007,2450,14375,1,1,3700
Matthew,10002,14,337500,0.104,1,2007,2450,14375,1,1,3200
Matthew,10002,15,340700,1.053,1,2007,2450,14375,1,1,6400
Matthew,10002,16,347100,2.951,1,2007,2450,14375,1,1,-10400
Matthew,10002,17,336700,-0.133,1,2007,2450,14375,1,1,2300
Matthew,10002,18,339000,0.549,1,2007,2450,14375,1,1,-5400
Matthew,10002,19,333600,-1.053,1,2007,2450,14375,1,1,-200
Matthew,10002,20,333400,-1.112,1,2007,2450,14375,1,1,-2300
Matthew,10002,21,331100,-1.794,1,2007,2450,14375,1,1,-1000
Matthew,10002,22,330100,-2.091,1,2007,2450,14375,1,1,-600
Matthew,10002,23,329500,-2.269,1,2007,2450,14375,1,1,-1000
Florence,10002,1,328500,-2.566,1,2007,2450,14375,1,2,5800
Florence,10002,2,334300,-0.845,1,2007,2450,14375,1,2,7300
Florence,10002,3,341600,1.32,1,2007,2450,14375,1,2,900
Florence,10002,4,342500,1.587,1,2007,2450,14375,1,2,1800
Florence,10002,5,344300,2.121,1,2007,2450,14375,1,2,-3600
Florence,10002,6,340700,1.053,1,2007,2450,14375,1,2,-1100
Florence,10002,7,339600,0.727,1,2007,2450,14375,1,2,1700
Florence,10002,8,341300,1.231,1,2007,2450,14375,1,2,500
Florence,10002,9,341800,1.379,1,2007,2450,14375,1,2,1700
Florence,10002,10,343500,1.883,1,2007,2450,14375,1,2,2200
Florence,10002,11,345700,2.536,1,2007,2450,14375,1,2,-6000
Florence,10002,12,339700,0.756,1,2007,2450,14375,1,2,900
Florence,10002,13,340600,1.023,1,2007,2450,14375,1,2,-4100
Florence,10002,14,336500,-0.193,1,2007,2450,14375,1,2,200
Florence,10002,15,336700,-0.133,1,2007,2450,14375,1,2,100
Florence,10002,16,336800,-0.104,1,2007,2450,14375,1,2,23500
Florence,10002,17,360300,6.866,1,2007,2450,14375,1,2,-200
Florence,10002,18,360100,6.807,1,2007,2450,14375,1,2,1900
Florence,10002,19,362000,7.371,1,2007,2450,14375,1,2,2500
Florence,10002,20,364500,8.112,1,2007,2450,14375,1,2,-1600
Florence,10002,21,362900,7.638,1,2007,2450,14375,1,2,-2400
Florence,10002,22,360500,6.926,1,2007,2450,14375,1,2,-200
Florence,10002,23,360300,6.866,1,2007,2450,14375,1,2,-700
Florence,10002,24,359600,6.659,1,2007,2450,14375,1,2,200
Florence,10002,25,359800,6.718,1,2007,2450,14375,1,2,200
Matthew,10003,1,359100,-10.516,0,2006,2481,14810,2,1,2800
Matthew,10003,2,361900,-9.818,0,2006,2481,14810,2,1,200
Matthew,10003,3,362100,-9.768,0,2006,2481,14810,2,1,-600
Matthew,10003,4,361500,-9.918,0,2006,2481,14810,2,1,-2300
Matthew,10003,5,359200,-10.491,0,2006,2481,14810,2,1,1900
Matthew,10003,6,361100,-10.017,0,2006,2481,14810,2,1,0
Matthew,10003,7,361100,-10.017,0,2006,2481,14810,2,1,3900
Matthew,10003,8,365000,-9.046,0,2006,2481,14810,2,1,-2700
Matthew,10003,9,362300,-9.718,0,2006,2481,14810,2,1,7000
Matthew,10003,10,369300,-7.974,0,2006,2481,14810,2,1,10600
Matthew,10003,11,379900,-5.333,0,2006,2481,14810,2,1,5400
Matthew,10003,12,385300,-3.987,0,2006,2481,14810,2,1,900
Matthew,10003,13,386200,-3.763,0,2006,2481,14810,2,1,-2000
Matthew,10003,14,384200,-4.261,0,2006,2481,14810,2,1,-3600
Matthew,10003,15,380600,-5.158,0,2006,2481,14810,2,1,19300
Matthew,10003,16,399900,-0.349,0,2006,2481,14810,2,1,-8100
Matthew,10003,17,391800,-2.367,0,2006,2481,14810,2,1,-6500
Matthew,10003,18,385300,-3.987,0,2006,2481,14810,2,1,18900
Matthew,10003,19,404200,0.723,0,2006,2481,14810,2,1,12100
Matthew,10003,20,416300,3.738,0,2006,2481,14810,2,1,-7400
Matthew,10003,21,408900,1.894,0,2006,2481,14810,2,1,-10000
Matthew,10003,22,398900,-0.598,0,2006,2481,14810,2,1,-5700
Matthew,10003,23,393200,-2.018,0,2006,2481,14810,2,1,3800
Florence,10003,1,397000,-1.072,0,2006,2481,14810,2,2,-800
Florence,10003,2,396200,-1.271,0,2006,2481,14810,2,2,5100
Florence,10003,3,401300,0,0,2006,2481,14810,2,2,-300
Florence,10003,4,401000,-0.075,0,2006,2481,14810,2,2,300
Florence,10003,5,401300,0,0,2006,2481,14810,2,2,0
Florence,10003,6,401300,0,0,2006,2481,14810,2,2,7900
Florence,10003,7,409200,1.969,0,2006,2481,14810,2,2,-1300
Florence,10003,8,407900,1.645,0,2006,2481,14810,2,2,-700
Florence,10003,9,407200,1.47,0,2006,2481,14810,2,2,3200
Florence,10003,10,410400,2.268,0,2006,2481,14810,2,2,500
Florence,10003,11,410900,2.392,0,2006,2481,14810,2,2,3300
Florence,10003,12,414200,3.215,0,2006,2481,14810,2,2,3200
Florence,10003,13,417400,4.012,0,2006,2481,14810,2,2,-9200
Florence,10003,14,408200,1.719,0,2006,2481,14810,2,2,11000
Florence,10003,15,419200,4.461,0,2006,2481,14810,2,2,8300
Florence,10003,16,427500,6.529,0,2006,2481,14810,2,2,9100
Florence,10003,17,436600,8.796,0,2006,2481,14810,2,2,2500
Florence,10003,18,439100,9.419,0,2006,2481,14810,2,2,-5000
Florence,10003,19,434100,8.173,0,2006,2481,14810,2,2,-4000
Florence,10003,20,430100,7.177,0,2006,2481,14810,2,2,-200
Florence,10003,21,429900,7.127,0,2006,2481,14810,2,2,6300
Florence,10003,22,436200,8.697,0,2006,2481,14810,2,2,3700
Florence,10003,23,439900,9.619,0,2006,2481,14810,2,2,-1600
Florence,10003,24,438300,9.22,0,2006,2481,14810,2,2,-1800
Florence,10003,25,436500,8.771,0,2006,2481,14810,2,2,-1800
Matthew,10004,1,436000,3.025,0,2005,2930,10018,2,1,-3900
Matthew,10004,2,432100,2.103,0,2005,2930,10018,2,1,-1600
Matthew,10004,3,430500,1.725,0,2005,2930,10018,2,1,2400
Matthew,10004,4,432900,2.292,0,2005,2930,10018,2,1,300
Matthew,10004,5,433200,2.363,0,2005,2930,10018,2,1,1000
Matthew,10004,6,434200,2.599,0,2005,2930,10018,2,1,500
Matthew,10004,7,434700,2.717,0,2005,2930,10018,2,1,-4000
Matthew,10004,8,430700,1.772,0,2005,2930,10018,2,1,100
Matthew,10004,9,430800,1.796,0,2005,2930,10018,2,1,4700
Matthew,10004,10,435500,2.906,0,2005,2930,10018,2,1,-7900
Matthew,10004,11,427600,1.04,0,2005,2930,10018,2,1,1100
Matthew,10004,12,428700,1.3,0,2005,2930,10018,2,1,-2900
Matthew,10004,13,425800,0.614,0,2005,2930,10018,2,1,-19100
Matthew,10004,14,406700,-3.899,0,2005,2930,10018,2,1,2100
Matthew,10004,15,408800,-3.403,0,2005,2930,10018,2,1,-2600
Matthew,10004,16,406200,-4.017,0,2005,2930,10018,2,1,700
Matthew,10004,17,406900,-3.852,0,2005,2930,10018,2,1,-3400
Matthew,10004,18,403500,-4.655,0,2005,2930,10018,2,1,-1900
Matthew,10004,19,401600,-5.104,0,2005,2930,10018,2,1,-600
Matthew,10004,20,401000,-5.246,0,2005,2930,10018,2,1,700
Matthew,10004,21,401700,-5.08,0,2005,2930,10018,2,1,14400
Matthew,10004,22,416100,-1.678,0,2005,2930,10018,2,1,3100
Matthew,10004,23,419200,-0.945,0,2005,2930,10018,2,1,-4000
Florence,10004,1,415200,-1.89,0,2005,2930,10018,2,2,600
Florence,10004,2,415800,-1.749,0,2005,2930,10018,2,2,100
Florence,10004,3,415900,-1.725,0,2005,2930,10018,2,2,2000
Florence,10004,4,417900,-1.252,0,2005,2930,10018,2,2,-3200
Florence,10004,5,414700,-2.009,0,2005,2930,10018,2,2,0
Florence,10004,6,414700,-2.009,0,2005,2930,10018,2,2,-3400
Florence,10004,7,411300,-2.812,0,2005,2930,10018,2,2,1900
Florence,10004,8,413200,-2.363,0,2005,2930,10018,2,2,700
Florence,10004,9,413900,-2.198,0,2005,2930,10018,2,2,3000
Florence,10004,10,416900,-1.489,0,2005,2930,10018,2,2,1800
Florence,10004,11,418700,-1.063,0,2005,2930,10018,2,2,1100
Florence,10004,12,419800,-0.803,0,2005,2930,10018,2,2,2400
Florence,10004,13,422200,-0.236,0,2005,2930,10018,2,2,0
Florence,10004,14,422200,-0.236,0,2005,2930,10018,2,2,2000
Florence,10004,15,424200,0.236,0,2005,2930,10018,2,2,9100
Florence,10004,16,433300,2.387,0,2005,2930,10018,2,2,-2000
Florence,10004,17,431300,1.914,0,2005,2930,10018,2,2,6800
Florence,10004,18,438100,3.521,0,2005,2930,10018,2,2,-500
Florence,10004,19,437600,3.403,0,2005,2930,10018,2,2,-1700
Florence,10004,20,435900,3.001,0,2005,2930,10018,2,2,11000
Florence,10004,21,446900,5.6,0,2005,2930,10018,2,2,-3100
Florence,10004,22,443800,4.868,0,2005,2930,10018,2,2,2600
Florence,10004,23,446400,5.482,0,2005,2930,10018,2,2,-1200
Florence,10004,24,445200,5.198,0,2005,2930,10018,2,2,6200
Florence,10004,25,451400,6.664,0,2005,2930,10018,2,2,6200
Matthew,10005,1,203000,-9.878,1,2008,1629,8276,3,1,1300
Matthew,10005,2,204300,-9.301,1,2008,1629,8276,3,1,200
Matthew,10005,3,204500,-9.212,1,2008,1629,8276,3,1,1400
Matthew,10005,4,205900,-8.59,1,2008,1629,8276,3,1,700
Matthew,10005,5,206600,-8.28,1,2008,1629,8276,3,1,5700
Matthew,10005,6,212300,-5.749,1,2008,1629,8276,3,1,2600
Matthew,10005,7,214900,-4.595,1,2008,1629,8276,3,1,5300
Matthew,10005,8,220200,-2.242,1,2008,1629,8276,3,1,-200
Matthew,10005,9,220000,-2.331,1,2008,1629,8276,3,1,-300
Matthew,10005,10,219700,-2.464,1,2008,1629,8276,3,1,-900
Matthew,10005,11,218800,-2.863,1,2008,1629,8276,3,1,1400
Matthew,10005,12,220200,-2.242,1,2008,1629,8276,3,1,200
Matthew,10005,13,220400,-2.153,1,2008,1629,8276,3,1,100
Matthew,10005,14,220500,-2.109,1,2008,1629,8276,3,1,200
Matthew,10005,15,220700,-2.02,1,2008,1629,8276,3,1,6300
Matthew,10005,16,227000,0.777,1,2008,1629,8276,3,1,-2000
Matthew,10005,17,225000,-0.111,1,2008,1629,8276,3,1,-3300
Matthew,10005,18,221700,-1.576,1,2008,1629,8276,3,1,-900
Matthew,10005,19,220800,-1.976,1,2008,1629,8276,3,1,600
Matthew,10005,20,221400,-1.709,1,2008,1629,8276,3,1,-600
Matthew,10005,21,220800,-1.976,1,2008,1629,8276,3,1,400
Matthew,10005,22,221200,-1.798,1,2008,1629,8276,3,1,-800
Matthew,10005,23,220400,-2.153,1,2008,1629,8276,3,1,300
Florence,10005,1,220700,-2.02,1,2008,1629,8276,3,2,3400
Florence,10005,2,224100,-0.511,1,2008,1629,8276,3,2,1400
Florence,10005,3,225500,0.111,1,2008,1629,8276,3,2,700
Florence,10005,4,226200,0.422,1,2008,1629,8276,3,2,-500
Florence,10005,5,225700,0.2,1,2008,1629,8276,3,2,-100
Florence,10005,6,225600,0.155,1,2008,1629,8276,3,2,1100
Florence,10005,7,226700,0.644,1,2008,1629,8276,3,2,3800
Florence,10005,8,230500,2.331,1,2008,1629,8276,3,2,2900
Florence,10005,9,233400,3.618,1,2008,1629,8276,3,2,12200
Florence,10005,10,245600,9.034,1,2008,1629,8276,3,2,-1600
Florence,10005,11,244000,8.324,1,2008,1629,8276,3,2,200
Florence,10005,12,244200,8.413,1,2008,1629,8276,3,2,2000
Florence,10005,13,246200,9.301,1,2008,1629,8276,3,2,-4100
Florence,10005,14,242100,7.481,1,2008,1629,8276,3,2,900
Florence,10005,15,243000,7.88,1,2008,1629,8276,3,2,1600
Florence,10005,16,244600,8.59,1,2008,1629,8276,3,2,3300
Florence,10005,17,247900,10.055,1,2008,1629,8276,3,2,-700
Florence,10005,18,247200,9.745,1,2008,1629,8276,3,2,500
Florence,10005,19,247700,9.967,1,2008,1629,8276,3,2,-500
Florence,10005,20,247200,9.745,1,2008,1629,8276,3,2,500
Florence,10005,21,247700,9.967,1,2008,1629,8276,3,2,-100
Florence,10005,22,247600,9.922,1,2008,1629,8276,3,2,1100
Florence,10005,23,248700,10.411,1,2008,1629,8276,3,2,-1800
Florence,10005,24,246900,9.612,1,2008,1629,8276,3,2,2000
Florence,10005,25,248900,10.499,1,2008,1629,8276,3,2,2000
Matthew,10006,1,239700,-8.372,0,2007,2100,12632,3,1,2300
Matthew,10006,2,242000,-7.492,0,2007,2100,12632,3,1,-2000
Matthew,10006,3,240000,-8.257,0,2007,2100,12632,3,1,-2000
Matthew,10006,4,238000,-9.021,0,2007,2100,12632,3,1,2700
Matthew,10006,5,240700,-7.989,0,2007,2100,12632,3,1,3000
Matthew,10006,6,243700,-6.843,0,2007,2100,12632,3,1,0
Matthew,10006,7,243700,-6.843,0,2007,2100,12632,3,1,500
Matthew,10006,8,244200,-6.651,0,2007,2100,12632,3,1,4200
Matthew,10006,9,248400,-5.046,0,2007,2100,12632,3,1,3700
Matthew,10006,10,252100,-3.631,0,2007,2100,12632,3,1,0
Matthew,10006,11,252100,-3.631,0,2007,2100,12632,3,1,-5000
Matthew,10006,12,247100,-5.543,0,2007,2100,12632,3,1,6400
Matthew,10006,13,253500,-3.096,0,2007,2100,12632,3,1,-100
Matthew,10006,14,253400,-3.135,0,2007,2100,12632,3,1,3800
Matthew,10006,15,257200,-1.682,0,2007,2100,12632,3,1,8700
Matthew,10006,16,265900,1.644,0,2007,2100,12632,3,1,-1800
Matthew,10006,17,264100,0.956,0,2007,2100,12632,3,1,-2000
Matthew,10006,18,262100,0.191,0,2007,2100,12632,3,1,-600
Matthew,10006,19,261500,-0.038,0,2007,2100,12632,3,1,-700
Matthew,10006,20,260800,-0.306,0,2007,2100,12632,3,1,200
Matthew,10006,21,261000,-0.229,0,2007,2100,12632,3,1,-3000
Matthew,10006,22,258000,-1.376,0,2007,2100,12632,3,1,-100
Matthew,10006,23,257900,-1.414,0,2007,2100,12632,3,1,-1600
Florence,10006,1,256300,-2.026,0,2007,2100,12632,3,2,3800
Florence,10006,2,260100,-0.573,0,2007,2100,12632,3,2,2300
Florence,10006,3,262400,0.306,0,2007,2100,12632,3,2,-700
Florence,10006,4,261700,0.038,0,2007,2100,12632,3,2,2300
Florence,10006,5,264000,0.917,0,2007,2100,12632,3,2,-2800
Florence,10006,6,261200,-0.153,0,2007,2100,12632,3,2,0
Florence,10006,7,261200,-0.153,0,2007,2100,12632,3,2,7000
Florence,10006,8,268200,2.523,0,2007,2100,12632,3,2,7100
Florence,10006,9,275300,5.237,0,2007,2100,12632,3,2,6500
Florence,10006,10,281800,7.722,0,2007,2100,12632,3,2,-900
Florence,10006,11,280900,7.378,0,2007,2100,12632,3,2,2500
Florence,10006,12,283400,8.333,0,2007,2100,12632,3,2,-1000
Florence,10006,13,282400,7.951,0,2007,2100,12632,3,2,-1400
Florence,10006,14,281000,7.416,0,2007,2100,12632,3,2,-2200
Florence,10006,15,278800,6.575,0,2007,2100,12632,3,2,2800
Florence,10006,16,281600,7.645,0,2007,2100,12632,3,2,4700
Florence,10006,17,286300,9.442,0,2007,2100,12632,3,2,200
Florence,10006,18,286500,9.518,0,2007,2100,12632,3,2,2600
Florence,10006,19,289100,10.512,0,2007,2100,12632,3,2,-1300
Florence,10006,20,287800,10.015,0,2007,2100,12632,3,2,600
Florence,10006,21,288400,10.245,0,2007,2100,12632,3,2,2100
Florence,10006,22,290500,11.047,0,2007,2100,12632,3,2,-1000
Florence,10006,23,289500,10.665,0,2007,2100,12632,3,2,900
Florence,10006,24,290400,11.009,0,2007,2100,12632,3,2,-6400
Florence,10006,25,284000,8.563,0,2007,2100,12632,3,2,-6400
Matthew,10007,1,137400,-29.266,1,1996,1904,12632,4,1,400
Matthew,10007,2,137800,-29.06,1,1996,1904,12632,4,1,-3300
Matthew,10007,3,134500,-30.759,1,1996,1904,12632,4,1,15700
Matthew,10007,4,150200,-22.677,1,1996,1904,12632,4,1,-800
Matthew,10007,5,149400,-23.089,1,1996,1904,12632,4,1,600
Matthew,10007,6,150000,-22.78,1,1996,1904,12632,4,1,700
Matthew,10007,7,150700,-22.42,1,1996,1904,12632,4,1,5300
Matthew,10007,8,156000,-19.691,1,1996,1904,12632,4,1,-2400
Matthew,10007,9,153600,-20.927,1,1996,1904,12632,4,1,600
Matthew,10007,10,154200,-20.618,1,1996,1904,12632,4,1,1700
Matthew,10007,11,155900,-19.743,1,1996,1904,12632,4,1,4700
Matthew,10007,12,160600,-17.323,1,1996,1904,12632,4,1,3800
Matthew,10007,13,164400,-15.367,1,1996,1904,12632,4,1,-1200
Matthew,10007,14,163200,-15.985,1,1996,1904,12632,4,1,1900
Matthew,10007,15,165100,-15.006,1,1996,1904,12632,4,1,7400
Matthew,10007,16,172500,-11.197,1,1996,1904,12632,4,1,1100
Matthew,10007,17,173600,-10.631,1,1996,1904,12632,4,1,32800
Matthew,10007,18,206400,6.255,1,1996,1904,12632,4,1,-10600
Matthew,10007,19,195800,0.798,1,1996,1904,12632,4,1,11200
Matthew,10007,20,207000,6.564,1,1996,1904,12632,4,1,-1000
Matthew,10007,21,206000,6.049,1,1996,1904,12632,4,1,-500
Matthew,10007,22,205500,5.792,1,1996,1904,12632,4,1,-100
Matthew,10007,23,205400,5.74,1,1996,1904,12632,4,1,-6600
Florence,10007,1,198800,2.342,1,1996,1904,12632,4,2,-7900
Florence,10007,2,190900,-1.725,1,1996,1904,12632,4,2,6300
Florence,10007,3,197200,1.519,1,1996,1904,12632,4,2,1800
Florence,10007,4,199000,2.445,1,1996,1904,12632,4,2,800
Florence,10007,5,199800,2.857,1,1996,1904,12632,4,2,-9300
Florence,10007,6,190500,-1.931,1,1996,1904,12632,4,2,-12700
Florence,10007,7,177800,-8.468,1,1996,1904,12632,4,2,3400
Florence,10007,8,181200,-6.718,1,1996,1904,12632,4,2,600
Florence,10007,9,181800,-6.409,1,1996,1904,12632,4,2,14600
Florence,10007,10,196400,1.107,1,1996,1904,12632,4,2,5200
Florence,10007,11,201600,3.784,1,1996,1904,12632,4,2,200
Florence,10007,12,201800,3.887,1,1996,1904,12632,4,2,700
Florence,10007,13,202500,4.247,1,1996,1904,12632,4,2,-1400
Florence,10007,14,201100,3.526,1,1996,1904,12632,4,2,-8600
Florence,10007,15,192500,-0.901,1,1996,1904,12632,4,2,900
Florence,10007,16,193400,-0.438,1,1996,1904,12632,4,2,5000
Florence,10007,17,198400,2.136,1,1996,1904,12632,4,2,-3300
Florence,10007,18,195100,0.438,1,1996,1904,12632,4,2,4200
Florence,10007,19,199300,2.6,1,1996,1904,12632,4,2,14900
Florence,10007,20,214200,10.27,1,1996,1904,12632,4,2,6900
Florence,10007,21,221100,13.822,1,1996,1904,12632,4,2,-200
Florence,10007,22,220900,13.719,1,1996,1904,12632,4,2,5300
Florence,10007,23,226200,16.448,1,1996,1904,12632,4,2,2900
Florence,10007,24,229100,17.941,1,1996,1904,12632,4,2,3900
Florence,10007,25,233000,19.949,1,1996,1904,12632,4,2,3900
Matthew,10008,1,144200,-26.765,0,2003,1424,10018,4,1,2600
Matthew,10008,2,146800,-25.444,0,2003,1424,10018,4,1,2100
Matthew,10008,3,148900,-24.378,0,2003,1424,10018,4,1,-2300
Matthew,10008,4,146600,-25.546,0,2003,1424,10018,4,1,900
Matthew,10008,5,147500,-25.089,0,2003,1424,10018,4,1,300
Matthew,10008,6,147800,-24.937,0,2003,1424,10018,4,1,200
Matthew,10008,7,148000,-24.835,0,2003,1424,10018,4,1,-800
Matthew,10008,8,147200,-25.241,0,2003,1424,10018,4,1,6800
Matthew,10008,9,154000,-21.788,0,2003,1424,10018,4,1,1000
Matthew,10008,10,155000,-21.28,0,2003,1424,10018,4,1,2600
Matthew,10008,11,157600,-19.959,0,2003,1424,10018,4,1,5000
Matthew,10008,12,162600,-17.42,0,2003,1424,10018,4,1,1400
Matthew,10008,13,164000,-16.709,0,2003,1424,10018,4,1,-900
Matthew,10008,14,163100,-17.166,0,2003,1424,10018,4,1,6700
Matthew,10008,15,169800,-13.763,0,2003,1424,10018,4,1,-11300
Matthew,10008,16,158500,-19.502,0,2003,1424,10018,4,1,4600
Matthew,10008,17,163100,-17.166,0,2003,1424,10018,4,1,-8300
Matthew,10008,18,154800,-21.381,0,2003,1424,10018,4,1,2700
Matthew,10008,19,157500,-20.01,0,2003,1424,10018,4,1,4600
Matthew,10008,20,162100,-17.674,0,2003,1424,10018,4,1,2300
Matthew,10008,21,164400,-16.506,0,2003,1424,10018,4,1,50800
Matthew,10008,22,215200,9.294,0,2003,1424,10018,4,1,-16200
Matthew,10008,23,199000,1.067,0,2003,1424,10018,4,1,0
Florence,10008,1,199000,1.067,0,2003,1424,10018,4,2,-3300
Florence,10008,2,195700,-0.609,0,2003,1424,10018,4,2,800
Florence,10008,3,196500,-0.203,0,2003,1424,10018,4,2,900
Florence,10008,4,197400,0.254,0,2003,1424,10018,4,2,-800
Florence,10008,5,196600,-0.152,0,2003,1424,10018,4,2,600
Florence,10008,6,197200,0.152,0,2003,1424,10018,4,2,800
Florence,10008,7,198000,0.559,0,2003,1424,10018,4,2,1400
Florence,10008,8,199400,1.27,0,2003,1424,10018,4,2,100
Florence,10008,9,199500,1.32,0,2003,1424,10018,4,2,2200
Florence,10008,10,201700,2.438,0,2003,1424,10018,4,2,1100
Florence,10008,11,202800,2.996,0,2003,1424,10018,4,2,900
Florence,10008,12,203700,3.454,0,2003,1424,10018,4,2,1100
Florence,10008,13,204800,4.012,0,2003,1424,10018,4,2,400
Florence,10008,14,205200,4.215,0,2003,1424,10018,4,2,800
Florence,10008,15,206000,4.622,0,2003,1424,10018,4,2,4600
Florence,10008,16,210600,6.958,0,2003,1424,10018,4,2,-1000
Florence,10008,17,209600,6.45,0,2003,1424,10018,4,2,3300
Florence,10008,18,212900,8.126,0,2003,1424,10018,4,2,-500
Florence,10008,19,212400,7.872,0,2003,1424,10018,4,2,-200
Florence,10008,20,212200,7.77,0,2003,1424,10018,4,2,4700
Florence,10008,21,216900,10.157,0,2003,1424,10018,4,2,-1300
Florence,10008,22,215600,9.497,0,2003,1424,10018,4,2,1100
Florence,10008,23,216700,10.056,0,2003,1424,10018,4,2,-400
Florence,10008,24,216300,9.853,0,2003,1424,10018,4,2,2700
Florence,10008,25,219000,11.224,0,2003,1424,10018,4,2,2700
Matthew,10009,1,210700,-0.472,1,1988,1282,7457,5,1,-600
Matthew,10009,2,210100,-0.756,1,1988,1282,7457,5,1,-400
Matthew,10009,3,209700,-0.945,1,1988,1282,7457,5,1,-26900
Matthew,10009,4,182800,-13.651,1,1988,1282,7457,5,1,3600
Matthew,10009,5,186400,-11.951,1,1988,1282,7457,5,1,300
Matthew,10009,6,186700,-11.809,1,1988,1282,7457,5,1,4600
Matthew,10009,7,191300,-9.636,1,1988,1282,7457,5,1,-1400
Matthew,10009,8,189900,-10.298,1,1988,1282,7457,5,1,5900
Matthew,10009,9,195800,-7.511,1,1988,1282,7457,5,1,3200
Matthew,10009,10,199000,-5.999,1,1988,1282,7457,5,1,1200
Matthew,10009,11,200200,-5.432,1,1988,1282,7457,5,1,9900
Matthew,10009,12,210100,-0.756,1,1988,1282,7457,5,1,-4200
Matthew,10009,13,205900,-2.74,1,1988,1282,7457,5,1,2600
Matthew,10009,14,208500,-1.512,1,1988,1282,7457,5,1,6500
Matthew,10009,15,215000,1.559,1,1988,1282,7457,5,1,7600
Matthew,10009,16,222600,5.149,1,1988,1282,7457,5,1,-3300
Matthew,10009,17,219300,3.59,1,1988,1282,7457,5,1,-5700
Matthew,10009,18,213600,0.897,1,1988,1282,7457,5,1,-3700
Matthew,10009,19,209900,-0.85,1,1988,1282,7457,5,1,100
Matthew,10009,20,210000,-0.803,1,1988,1282,7457,5,1,0
Matthew,10009,21,210000,-0.803,1,1988,1282,7457,5,1,-500
Matthew,10009,22,209500,-1.039,1,1988,1282,7457,5,1,800
Matthew,10009,23,210300,-0.661,1,1988,1282,7457,5,1,2500
Florence,10009,1,212800,0.52,1,1988,1282,7457,5,2,-2100
Florence,10009,2,210700,-0.472,1,1988,1282,7457,5,2,2400
Florence,10009,3,213100,0.661,1,1988,1282,7457,5,2,-3600
Florence,10009,4,209500,-1.039,1,1988,1282,7457,5,2,-3500
Florence,10009,5,206000,-2.692,1,1988,1282,7457,5,2,-700
Florence,10009,6,205300,-3.023,1,1988,1282,7457,5,2,7800
Florence,10009,7,213100,0.661,1,1988,1282,7457,5,2,-6200
Florence,10009,8,206900,-2.267,1,1988,1282,7457,5,2,5800
Florence,10009,9,212700,0.472,1,1988,1282,7457,5,2,4400
Florence,10009,10,217100,2.551,1,1988,1282,7457,5,2,5400
Florence,10009,11,222500,5.102,1,1988,1282,7457,5,2,-3200
Florence,10009,12,219300,3.59,1,1988,1282,7457,5,2,4600
Florence,10009,13,223900,5.763,1,1988,1282,7457,5,2,1600
Florence,10009,14,225500,6.519,1,1988,1282,7457,5,2,4400
Florence,10009,15,229900,8.597,1,1988,1282,7457,5,2,1300
Florence,10009,16,231200,9.211,1,1988,1282,7457,5,2,-1700
Florence,10009,17,229500,8.408,1,1988,1282,7457,5,2,800
Florence,10009,18,230300,8.786,1,1988,1282,7457,5,2,3300
Florence,10009,19,233600,10.345,1,1988,1282,7457,5,2,3500
Florence,10009,20,237100,11.998,1,1988,1282,7457,5,2,3800
Florence,10009,21,240900,13.793,1,1988,1282,7457,5,2,1900
Florence,10009,22,242800,14.691,1,1988,1282,7457,5,2,1200
Florence,10009,23,244000,15.257,1,1988,1282,7457,5,2,3000
Florence,10009,24,247000,16.675,1,1988,1282,7457,5,2,-700
Florence,10009,25,246300,16.344,1,1988,1282,7457,5,2,-700
Matthew,10010,1,324000,-8.72,1,2000,2295,32234,5,1,8100
Matthew,10010,2,332100,-6.438,1,2000,2295,32234,5,1,-100
Matthew,10010,3,332000,-6.466,1,2000,2295,32234,5,1,400
Matthew,10010,4,332400,-6.353,1,2000,2295,32234,5,1,-2300
Matthew,10010,5,330100,-7.001,1,2000,2295,32234,5,1,-10000
Matthew,10010,6,320100,-9.818,1,2000,2295,32234,5,1,10800
Matthew,10010,7,330900,-6.776,1,2000,2295,32234,5,1,7600
Matthew,10010,8,338500,-4.634,1,2000,2295,32234,5,1,-3500
Matthew,10010,9,335000,-5.621,1,2000,2295,32234,5,1,9500
Matthew,10010,10,344500,-2.944,1,2000,2295,32234,5,1,2500
Matthew,10010,11,347000,-2.24,1,2000,2295,32234,5,1,2700
Matthew,10010,12,349700,-1.479,1,2000,2295,32234,5,1,400
Matthew,10010,13,350100,-1.366,1,2000,2295,32234,5,1,9900
Matthew,10010,14,360000,1.423,1,2000,2295,32234,5,1,-2200
Matthew,10010,15,357800,0.803,1,2000,2295,32234,5,1,-4800
Matthew,10010,16,353000,-0.549,1,2000,2295,32234,5,1,3300
Matthew,10010,17,356300,0.38,1,2000,2295,32234,5,1,-9500
Matthew,10010,18,346800,-2.296,1,2000,2295,32234,5,1,4900
Matthew,10010,19,351700,-0.916,1,2000,2295,32234,5,1,59500
Matthew,10010,20,411200,15.847,1,2000,2295,32234,5,1,5600
Matthew,10010,21,416800,17.425,1,2000,2295,32234,5,1,2200
Matthew,10010,22,419000,18.045,1,2000,2295,32234,5,1,-2300
Matthew,10010,23,416700,17.397,1,2000,2295,32234,5,1,-22200
Florence,10010,1,394500,11.142,1,2000,2295,32234,5,2,3900
Florence,10010,2,398400,12.241,1,2000,2295,32234,5,2,13000
Florence,10010,3,411400,15.904,1,2000,2295,32234,5,2,4100
Florence,10010,4,415500,17.059,1,2000,2295,32234,5,2,400
Florence,10010,5,415900,17.171,1,2000,2295,32234,5,2,900
Florence,10010,6,416800,17.425,1,2000,2295,32234,5,2,-10400
Florence,10010,7,406400,14.495,1,2000,2295,32234,5,2,-3700
Florence,10010,8,402700,13.453,1,2000,2295,32234,5,2,10100
Florence,10010,9,412800,16.298,1,2000,2295,32234,5,2,-2000
Florence,10010,10,410800,15.735,1,2000,2295,32234,5,2,-40100
Florence,10010,11,370700,4.437,1,2000,2295,32234,5,2,-17600
Florence,10010,12,353100,-0.521,1,2000,2295,32234,5,2,-12200
Florence,10010,13,340900,-3.958,1,2000,2295,32234,5,2,-700
Florence,10010,14,340200,-4.156,1,2000,2295,32234,5,2,7200
Florence,10010,15,347400,-2.127,1,2000,2295,32234,5,2,700
Florence,10010,16,348100,-1.93,1,2000,2295,32234,5,2,1400
Florence,10010,17,349500,-1.535,1,2000,2295,32234,5,2,4100
Florence,10010,18,353600,-0.38,1,2000,2295,32234,5,2,-100
Florence,10010,19,353500,-0.409,1,2000,2295,32234,5,2,4100
Florence,10010,20,357600,0.747,1,2000,2295,32234,5,2,1000
Florence,10010,21,358600,1.028,1,2000,2295,32234,5,2,-1100
Florence,10010,22,357500,0.718,1,2000,2295,32234,5,2,7500
Florence,10010,23,365000,2.831,1,2000,2295,32234,5,2,-2000
Florence,10010,24,363000,2.268,1,2000,2295,32234,5,2,5900
Florence,10010,25,368900,3.93,1,2000,2295,32234,5,2,5900
Matthew,10011,1,272800,-3.108,1,2006,2009,30928,6,1,3100
Matthew,10011,2,275900,-2.007,1,2006,2009,30928,6,1,-3900
Matthew,10011,3,272000,-3.392,1,2006,2009,30928,6,1,-1900
Matthew,10011,4,270100,-4.067,1,2006,2009,30928,6,1,2700
Matthew,10011,5,272800,-3.108,1,2006,2009,30928,6,1,3300
Matthew,10011,6,276100,-1.936,1,2006,2009,30928,6,1,300
Matthew,10011,7,276400,-1.829,1,2006,2009,30928,6,1,1100
Matthew,10011,8,277500,-1.438,1,2006,2009,30928,6,1,4100
Matthew,10011,9,281600,0.018,1,2006,2009,30928,6,1,2800
Matthew,10011,10,284400,1.012,1,2006,2009,30928,6,1,1100
Matthew,10011,11,285500,1.403,1,2006,2009,30928,6,1,4400
Matthew,10011,12,289900,2.966,1,2006,2009,30928,6,1,-1300
Matthew,10011,13,288600,2.504,1,2006,2009,30928,6,1,1500
Matthew,10011,14,290100,3.037,1,2006,2009,30928,6,1,4200
Matthew,10011,15,294300,4.529,1,2006,2009,30928,6,1,9400
Matthew,10011,16,303700,7.867,1,2006,2009,30928,6,1,-1500
Matthew,10011,17,302200,7.334,1,2006,2009,30928,6,1,-4200
Matthew,10011,18,298000,5.843,1,2006,2009,30928,6,1,400
Matthew,10011,19,298400,5.985,1,2006,2009,30928,6,1,1300
Matthew,10011,20,299700,6.446,1,2006,2009,30928,6,1,-1400
Matthew,10011,21,298300,5.949,1,2006,2009,30928,6,1,-1400
Matthew,10011,22,296900,5.452,1,2006,2009,30928,6,1,2000
Matthew,10011,23,298900,6.162,1,2006,2009,30928,6,1,-14600
Florence,10011,1,284300,0.977,1,2006,2009,30928,6,2,-13300
Florence,10011,2,271000,-3.747,1,2006,2009,30928,6,2,-11200
Florence,10011,3,259800,-7.725,1,2006,2009,30928,6,2,-100
Florence,10011,4,259700,-7.761,1,2006,2009,30928,6,2,1700
Florence,10011,5,261400,-7.157,1,2006,2009,30928,6,2,-300
Florence,10011,6,261100,-7.263,1,2006,2009,30928,6,2,3800
Florence,10011,7,264900,-5.914,1,2006,2009,30928,6,2,2600
Florence,10011,8,267500,-4.99,1,2006,2009,30928,6,2,1900
Florence,10011,9,269400,-4.315,1,2006,2009,30928,6,2,3000
Florence,10011,10,272400,-3.25,1,2006,2009,30928,6,2,-2700
Florence,10011,11,269700,-4.209,1,2006,2009,30928,6,2,800
Florence,10011,12,270500,-3.925,1,2006,2009,30928,6,2,4000
Florence,10011,13,274500,-2.504,1,2006,2009,30928,6,2,2800
Florence,10011,14,277300,-1.51,1,2006,2009,30928,6,2,5100
Florence,10011,15,282400,0.302,1,2006,2009,30928,6,2,9300
Florence,10011,16,291700,3.605,1,2006,2009,30928,6,2,-15600
Florence,10011,17,276100,-1.936,1,2006,2009,30928,6,2,2200
Florence,10011,18,278300,-1.154,1,2006,2009,30928,6,2,3200
Florence,10011,19,281500,-0.018,1,2006,2009,30928,6,2,2000
Florence,10011,20,283500,0.693,1,2006,2009,30928,6,2,5700
Florence,10011,21,289200,2.717,1,2006,2009,30928,6,2,1400
Florence,10011,22,290600,3.214,1,2006,2009,30928,6,2,6500
Florence,10011,23,297100,5.523,1,2006,2009,30928,6,2,4000
Florence,10011,24,301100,6.944,1,2006,2009,30928,6,2,1700
Florence,10011,25,302800,7.548,1,2006,2009,30928,6,2,1700
Matthew,10012,1,243900,-10.232,1,2008,1747,20473,6,1,-100
Matthew,10012,2,243800,-10.269,1,2008,1747,20473,6,1,-7300
Matthew,10012,3,236500,-12.955,1,2008,1747,20473,6,1,2200
Matthew,10012,4,238700,-12.146,1,2008,1747,20473,6,1,-4500
Matthew,10012,5,234200,-13.802,1,2008,1747,20473,6,1,1000
Matthew,10012,6,235200,-13.434,1,2008,1747,20473,6,1,100
Matthew,10012,7,235300,-13.397,1,2008,1747,20473,6,1,2100
Matthew,10012,8,237400,-12.624,1,2008,1747,20473,6,1,3400
Matthew,10012,9,240800,-11.373,1,2008,1747,20473,6,1,-3200
Matthew,10012,10,237600,-12.551,1,2008,1747,20473,6,1,3800
Matthew,10012,11,241400,-11.152,1,2008,1747,20473,6,1,47700
Matthew,10012,12,289100,6.404,1,2008,1747,20473,6,1,-400
Matthew,10012,13,288700,6.257,1,2008,1747,20473,6,1,-27300
Matthew,10012,14,261400,-3.791,1,2008,1747,20473,6,1,2200
Matthew,10012,15,263600,-2.981,1,2008,1747,20473,6,1,3900
Matthew,10012,16,267500,-1.546,1,2008,1747,20473,6,1,800
Matthew,10012,17,268300,-1.251,1,2008,1747,20473,6,1,-1500
Matthew,10012,18,266800,-1.803,1,2008,1747,20473,6,1,400
Matthew,10012,19,267200,-1.656,1,2008,1747,20473,6,1,1200
Matthew,10012,20,268400,-1.215,1,2008,1747,20473,6,1,-1000
Matthew,10012,21,267400,-1.583,1,2008,1747,20473,6,1,-400
Matthew,10012,22,267000,-1.73,1,2008,1747,20473,6,1,1700
Matthew,10012,23,268700,-1.104,1,2008,1747,20473,6,1,300
Florence,10012,1,269000,-0.994,1,2008,1747,20473,6,2,2800
Florence,10012,2,271800,0.037,1,2008,1747,20473,6,2,800
Florence,10012,3,272600,0.331,1,2008,1747,20473,6,2,900
Florence,10012,4,273500,0.662,1,2008,1747,20473,6,2,-1900
Florence,10012,5,271600,-0.037,1,2008,1747,20473,6,2,-200
Florence,10012,6,271400,-0.11,1,2008,1747,20473,6,2,1200
Florence,10012,7,272600,0.331,1,2008,1747,20473,6,2,3400
Florence,10012,8,276000,1.583,1,2008,1747,20473,6,2,700
Florence,10012,9,276700,1.84,1,2008,1747,20473,6,2,3700
Florence,10012,10,280400,3.202,1,2008,1747,20473,6,2,1700
Florence,10012,11,282100,3.828,1,2008,1747,20473,6,2,1300
Florence,10012,12,283400,4.306,1,2008,1747,20473,6,2,1200
Florence,10012,13,284600,4.748,1,2008,1747,20473,6,2,0
Florence,10012,14,284600,4.748,1,2008,1747,20473,6,2,1900
Florence,10012,15,286500,5.447,1,2008,1747,20473,6,2,4900
Florence,10012,16,291400,7.251,1,2008,1747,20473,6,2,-700
Florence,10012,17,290700,6.993,1,2008,1747,20473,6,2,3500
Florence,10012,18,294200,8.281,1,2008,1747,20473,6,2,1200
Florence,10012,19,295400,8.723,1,2008,1747,20473,6,2,-1300
Florence,10012,20,294100,8.244,1,2008,1747,20473,6,2,6800
Florence,10012,21,300900,10.747,1,2008,1747,20473,6,2,-1000
Florence,10012,22,299900,10.379,1,2008,1747,20473,6,2,1300
Florence,10012,23,301200,10.858,1,2008,1747,20473,6,2,-100
Florence,10012,24,301100,10.821,1,2008,1747,20473,6,2,3100
Florence,10012,25,304200,11.962,1,2008,1747,20473,6,2,3100
Matthew,10013,1,216600,-7.475,0,2010,1920,6534,7,1,700
Matthew,10013,2,217300,-7.176,0,2010,1920,6534,7,1,-3600
Matthew,10013,3,213700,-8.714,0,2010,1920,6534,7,1,-100
Matthew,10013,4,213600,-8.757,0,2010,1920,6534,7,1,-300
Matthew,10013,5,213300,-8.885,0,2010,1920,6534,7,1,-3100
Matthew,10013,6,210200,-10.209,0,2010,1920,6534,7,1,700
Matthew,10013,7,210900,-9.91,0,2010,1920,6534,7,1,19800
Matthew,10013,8,230700,-1.452,0,2010,1920,6534,7,1,-17300
Matthew,10013,9,213400,-8.842,0,2010,1920,6534,7,1,22600
Matthew,10013,10,236000,0.812,0,2010,1920,6534,7,1,-19900
Matthew,10013,11,216100,-7.689,0,2010,1920,6534,7,1,2300
Matthew,10013,12,218400,-6.707,0,2010,1920,6534,7,1,13800
Matthew,10013,13,232200,-0.812,0,2010,1920,6534,7,1,-13300
Matthew,10013,14,218900,-6.493,0,2010,1920,6534,7,1,3000
Matthew,10013,15,221900,-5.211,0,2010,1920,6534,7,1,7800
Matthew,10013,16,229700,-1.88,0,2010,1920,6534,7,1,15600
Matthew,10013,17,245300,4.784,0,2010,1920,6534,7,1,-20800
Matthew,10013,18,224500,-4.101,0,2010,1920,6534,7,1,-300
Matthew,10013,19,224200,-4.229,0,2010,1920,6534,7,1,17400
Matthew,10013,20,241600,3.204,0,2010,1920,6534,7,1,-17300
Matthew,10013,21,224300,-4.186,0,2010,1920,6534,7,1,-1200
Matthew,10013,22,223100,-4.699,0,2010,1920,6534,7,1,18200
Matthew,10013,23,241300,3.076,0,2010,1920,6534,7,1,-15800
Florence,10013,1,225500,-3.674,0,2010,1920,6534,7,2,19600
Florence,10013,2,245100,4.699,0,2010,1920,6534,7,2,-1100
Florence,10013,3,244000,4.229,0,2010,1920,6534,7,2,-14000
Florence,10013,4,230000,-1.751,0,2010,1920,6534,7,2,9100
Florence,10013,5,239100,2.136,0,2010,1920,6534,7,2,-10000
Florence,10013,6,229100,-2.136,0,2010,1920,6534,7,2,2400
Florence,10013,7,231500,-1.111,0,2010,1920,6534,7,2,600
Florence,10013,8,232100,-0.854,0,2010,1920,6534,7,2,9200
Florence,10013,9,241300,3.076,0,2010,1920,6534,7,2,4700
Florence,10013,10,246000,5.083,0,2010,1920,6534,7,2,-9700
Florence,10013,11,236300,0.94,0,2010,1920,6534,7,2,13100
Florence,10013,12,249400,6.536,0,2010,1920,6534,7,2,-11000
Florence,10013,13,238400,1.837,0,2010,1920,6534,7,2,1700
Florence,10013,14,240100,2.563,0,2010,1920,6534,7,2,700
Florence,10013,15,240800,2.862,0,2010,1920,6534,7,2,5600
Florence,10013,16,246400,5.254,0,2010,1920,6534,7,2,-2500
Florence,10013,17,243900,4.186,0,2010,1920,6534,7,2,4500
Florence,10013,18,248400,6.109,0,2010,1920,6534,7,2,-100
Florence,10013,19,248300,6.066,0,2010,1920,6534,7,2,5200
Florence,10013,20,253500,8.287,0,2010,1920,6534,7,2,4200
Florence,10013,21,257700,10.081,0,2010,1920,6534,7,2,-1700
Florence,10013,22,256000,9.355,0,2010,1920,6534,7,2,600
Florence,10013,23,256600,9.611,0,2010,1920,6534,7,2,200
Florence,10013,24,256800,9.697,0,2010,1920,6534,7,2,700
Florence,10013,25,257500,9.996,0,2010,1920,6534,7,2,700
Matthew,10014,1,195300,-11.709,1,2009,1597,6534,7,1,700
Matthew,10014,2,196000,-11.392,1,2009,1597,6534,7,1,400
Matthew,10014,3,196400,-11.212,1,2009,1597,6534,7,1,2300
Matthew,10014,4,198700,-10.172,1,2009,1597,6534,7,1,4600
Matthew,10014,5,203300,-8.092,1,2009,1597,6534,7,1,2900
Matthew,10014,6,206200,-6.781,1,2009,1597,6534,7,1,500
Matthew,10014,7,206700,-6.555,1,2009,1597,6534,7,1,2300
Matthew,10014,8,209000,-5.515,1,2009,1597,6534,7,1,800
Matthew,10014,9,209800,-5.154,1,2009,1597,6534,7,1,700
Matthew,10014,10,210500,-4.837,1,2009,1597,6534,7,1,-1600
Matthew,10014,11,208900,-5.561,1,2009,1597,6534,7,1,3900
Matthew,10014,12,212800,-3.797,1,2009,1597,6534,7,1,-800
Matthew,10014,13,212000,-4.159,1,2009,1597,6534,7,1,-200
Matthew,10014,14,211800,-4.25,1,2009,1597,6534,7,1,5200
Matthew,10014,15,217000,-1.899,1,2009,1597,6534,7,1,9700
Matthew,10014,16,226700,2.486,1,2009,1597,6534,7,1,-1800
Matthew,10014,17,224900,1.673,1,2009,1597,6534,7,1,-3800
Matthew,10014,18,221100,-0.045,1,2009,1597,6534,7,1,900
Matthew,10014,19,222000,0.362,1,2009,1597,6534,7,1,-1400
Matthew,10014,20,220600,-0.271,1,2009,1597,6534,7,1,0
Matthew,10014,21,220600,-0.271,1,2009,1597,6534,7,1,-900
Matthew,10014,22,219700,-0.678,1,2009,1597,6534,7,1,700
Matthew,10014,23,220400,-0.362,1,2009,1597,6534,7,1,300
Florence,10014,1,220700,-0.226,1,2009,1597,6534,7,2,3000
Florence,10014,2,223700,1.13,1,2009,1597,6534,7,2,900
Florence,10014,3,224600,1.537,1,2009,1597,6534,7,2,-3000
Florence,10014,4,221600,0.181,1,2009,1597,6534,7,2,-3100
Florence,10014,5,218500,-1.221,1,2009,1597,6534,7,2,1700
Florence,10014,6,220200,-0.452,1,2009,1597,6534,7,2,900
Florence,10014,7,221100,-0.045,1,2009,1597,6534,7,2,200
Florence,10014,8,221300,0.045,1,2009,1597,6534,7,2,3800
Florence,10014,9,225100,1.763,1,2009,1597,6534,7,2,3900
Florence,10014,10,229000,3.526,1,2009,1597,6534,7,2,100
Florence,10014,11,229100,3.571,1,2009,1597,6534,7,2,1500
Florence,10014,12,230600,4.25,1,2009,1597,6534,7,2,1600
Florence,10014,13,232200,4.973,1,2009,1597,6534,7,2,2200
Florence,10014,14,234400,5.967,1,2009,1597,6534,7,2,0
Florence,10014,15,234400,5.967,1,2009,1597,6534,7,2,0
Florence,10014,16,234400,5.967,1,2009,1597,6534,7,2,-700
Florence,10014,17,233700,5.651,1,2009,1597,6534,7,2,3000
Florence,10014,18,236700,7.007,1,2009,1597,6534,7,2,2400
Florence,10014,19,239100,8.092,1,2009,1597,6534,7,2,400
Florence,10014,20,239500,8.273,1,2009,1597,6534,7,2,300
Florence,10014,21,239800,8.409,1,2009,1597,6534,7,2,100
Florence,10014,22,239900,8.454,1,2009,1597,6534,7,2,-1200
Florence,10014,23,238700,7.911,1,2009,1597,6534,7,2,2300
Florence,10014,24,241000,8.951,1,2009,1597,6534,7,2,1500
Florence,10014,25,242500,9.629,1,2009,1597,6534,7,2,1500
Matthew,10015,1,690200,-0.13,0,2000,2452,13068,8,1,-13500
Matthew,10015,2,676700,-2.084,0,2000,2452,13068,8,1,50800
Matthew,10015,3,727500,5.267,0,2000,2452,13068,8,1,-140800
Matthew,10015,4,586700,-15.106,0,2000,2452,13068,8,1,12100
Matthew,10015,5,598800,-13.356,0,2000,2452,13068,8,1,11600
Matthew,10015,6,610400,-11.677,0,2000,2452,13068,8,1,26500
Matthew,10015,7,636900,-7.843,0,2000,2452,13068,8,1,36900
Matthew,10015,8,673800,-2.503,0,2000,2452,13068,8,1,20700
Matthew,10015,9,694500,0.492,0,2000,2452,13068,8,1,-35700
Matthew,10015,10,658800,-4.674,0,2000,2452,13068,8,1,-8300
Matthew,10015,11,650500,-5.875,0,2000,2452,13068,8,1,15100
Matthew,10015,12,665600,-3.69,0,2000,2452,13068,8,1,-31000
Matthew,10015,13,634600,-8.175,0,2000,2452,13068,8,1,-100
Matthew,10015,14,634500,-8.19,0,2000,2452,13068,8,1,-21300
Matthew,10015,15,613200,-11.272,0,2000,2452,13068,8,1,25600
Matthew,10015,16,638800,-7.568,0,2000,2452,13068,8,1,4400
Matthew,10015,17,643200,-6.931,0,2000,2452,13068,8,1,21500
Matthew,10015,18,664700,-3.82,0,2000,2452,13068,8,1,9100
Matthew,10015,19,673800,-2.503,0,2000,2452,13068,8,1,-200
Matthew,10015,20,673600,-2.532,0,2000,2452,13068,8,1,-14500
Matthew,10015,21,659100,-4.63,0,2000,2452,13068,8,1,5200
Matthew,10015,22,664300,-3.878,0,2000,2452,13068,8,1,16700
Matthew,10015,23,681000,-1.461,0,2000,2452,13068,8,1,22200
Florence,10015,1,703200,1.751,0,2000,2452,13068,8,2,-9100
Florence,10015,2,694100,0.434,0,2000,2452,13068,8,2,-2900
Florence,10015,3,691200,0.014,0,2000,2452,13068,8,2,-3200
Florence,10015,4,688000,-0.449,0,2000,2452,13068,8,2,-3600
Florence,10015,5,684400,-0.969,0,2000,2452,13068,8,2,6600
Florence,10015,6,691000,-0.014,0,2000,2452,13068,8,2,7100
Florence,10015,7,698100,1.013,0,2000,2452,13068,8,2,11200
Florence,10015,8,709300,2.633,0,2000,2452,13068,8,2,-14200
Florence,10015,9,695100,0.579,0,2000,2452,13068,8,2,8100
Florence,10015,10,703200,1.751,0,2000,2452,13068,8,2,1600
Florence,10015,11,704800,1.982,0,2000,2452,13068,8,2,-1700
Florence,10015,12,703100,1.736,0,2000,2452,13068,8,2,5000
Florence,10015,13,708100,2.46,0,2000,2452,13068,8,2,208300
Florence,10015,14,916400,32.6,0,2000,2452,13068,8,2,2800
Florence,10015,15,919200,33.005,0,2000,2452,13068,8,2,-3600
Florence,10015,16,915600,32.484,0,2000,2452,13068,8,2,-1200
Florence,10015,17,914400,32.311,0,2000,2452,13068,8,2,600
Florence,10015,18,915000,32.398,0,2000,2452,13068,8,2,1600
Florence,10015,19,916600,32.629,0,2000,2452,13068,8,2,2600
Florence,10015,20,919200,33.005,0,2000,2452,13068,8,2,5700
Florence,10015,21,924900,33.83,0,2000,2452,13068,8,2,-1100
Florence,10015,22,923800,33.671,0,2000,2452,13068,8,2,28200
Florence,10015,23,952000,37.751,0,2000,2452,13068,8,2,2800
Florence,10015,24,954800,38.157,0,2000,2452,13068,8,2,3700
Florence,10015,25,958500,38.692,0,2000,2452,13068,8,2,3700
Matthew,10016,1,722200,-16.082,0,1997,2808,22651,9,1,-31500
Matthew,10016,2,690700,-19.742,0,1997,2808,22651,9,1,8300
Matthew,10016,3,699000,-18.778,0,1997,2808,22651,9,1,37100
Matthew,10016,4,736100,-14.467,0,1997,2808,22651,9,1,19600
Matthew,10016,5,755700,-12.189,0,1997,2808,22651,9,1,27500
Matthew,10016,6,783200,-8.994,0,1997,2808,22651,9,1,44800
Matthew,10016,7,828000,-3.788,0,1997,2808,22651,9,1,-44800
Matthew,10016,8,783200,-8.994,0,1997,2808,22651,9,1,-7200
Matthew,10016,9,776000,-9.83,0,1997,2808,22651,9,1,-1000
Matthew,10016,10,775000,-9.947,0,1997,2808,22651,9,1,20900
Matthew,10016,11,795900,-7.518,0,1997,2808,22651,9,1,-23500
Matthew,10016,12,772400,-10.249,0,1997,2808,22651,9,1,-15000
Matthew,10016,13,757400,-11.992,0,1997,2808,22651,9,1,5800
Matthew,10016,14,763200,-11.318,0,1997,2808,22651,9,1,35100
Matthew,10016,15,798300,-7.239,0,1997,2808,22651,9,1,-89300
Matthew,10016,16,709000,-17.616,0,1997,2808,22651,9,1,34100
Matthew,10016,17,743100,-13.653,0,1997,2808,22651,9,1,53100
Matthew,10016,18,796200,-7.483,0,1997,2808,22651,9,1,63400
Matthew,10016,19,859600,-0.116,0,1997,2808,22651,9,1,-7800
Matthew,10016,20,851800,-1.023,0,1997,2808,22651,9,1,35900
Matthew,10016,21,887700,3.149,0,1997,2808,22651,9,1,14300
Matthew,10016,22,902000,4.811,0,1997,2808,22651,9,1,32500
Matthew,10016,23,934500,8.587,0,1997,2808,22651,9,1,19100
Florence,10016,1,953600,10.806,0,1997,2808,22651,9,2,-2900
Florence,10016,2,950700,10.469,0,1997,2808,22651,9,2,-43800
Florence,10016,3,906900,5.38,0,1997,2808,22651,9,2,-45300
Florence,10016,4,861600,0.116,0,1997,2808,22651,9,2,16300
Florence,10016,5,877900,2.01,0,1997,2808,22651,9,2,-5000
Florence,10016,6,872900,1.429,0,1997,2808,22651,9,2,2000
Florence,10016,7,874900,1.662,0,1997,2808,22651,9,2,7600
Florence,10016,8,882500,2.545,0,1997,2808,22651,9,2,-18400
Florence,10016,9,864100,0.407,0,1997,2808,22651,9,2,30400
Florence,10016,10,894500,3.939,0,1997,2808,22651,9,2,48300
Florence,10016,11,942800,9.551,0,1997,2808,22651,9,2,12600
Florence,10016,12,955400,11.016,0,1997,2808,22651,9,2,-1600
Florence,10016,13,953800,10.83,0,1997,2808,22651,9,2,-35200
Florence,10016,14,918600,6.739,0,1997,2808,22651,9,2,-10600
Florence,10016,15,908000,5.508,0,1997,2808,22651,9,2,-19300
Florence,10016,16,888700,3.265,0,1997,2808,22651,9,2,-1100
Florence,10016,17,887600,3.137,0,1997,2808,22651,9,2,-1600
Florence,10016,18,886000,2.951,0,1997,2808,22651,9,2,-7100
Florence,10016,19,878900,2.126,0,1997,2808,22651,9,2,-11000
Florence,10016,20,867900,0.848,0,1997,2808,22651,9,2,-16400
Florence,10016,21,851500,-1.057,0,1997,2808,22651,9,2,-4000
Florence,10016,22,847500,-1.522,0,1997,2808,22651,9,2,-17700
Florence,10016,23,829800,-3.579,0,1997,2808,22651,9,2,12500
Florence,10016,24,842300,-2.126,0,1997,2808,22651,9,2,37200
Florence,10016,25,879500,2.196,0,1997,2808,22651,9,2,37200
Matthew,10017,1,647200,-3.862,1,1994,3384,14810,9,1,0
Matthew,10017,2,647200,-3.862,1,1994,3384,14810,9,1,4400
Matthew,10017,3,651600,-3.209,1,1994,3384,14810,9,1,4500
Matthew,10017,4,656100,-2.54,1,1994,3384,14810,9,1,2500
Matthew,10017,5,658600,-2.169,1,1994,3384,14810,9,1,15100
Matthew,10017,6,673700,0.074,1,1994,3384,14810,9,1,-9700
Matthew,10017,7,664000,-1.367,1,1994,3384,14810,9,1,8700
Matthew,10017,8,672700,-0.074,1,1994,3384,14810,9,1,40000
Matthew,10017,9,712700,5.867,1,1994,3384,14810,9,1,-2900
Matthew,10017,10,709800,5.437,1,1994,3384,14810,9,1,-21600
Matthew,10017,11,688200,2.228,1,1994,3384,14810,9,1,6000
Matthew,10017,12,694200,3.119,1,1994,3384,14810,9,1,-23900
Matthew,10017,13,670300,-0.431,1,1994,3384,14810,9,1,-9100
Matthew,10017,14,661200,-1.783,1,1994,3384,14810,9,1,13900
Matthew,10017,15,675100,0.282,1,1994,3384,14810,9,1,-14600
Matthew,10017,16,660500,-1.887,1,1994,3384,14810,9,1,11000
Matthew,10017,17,671500,-0.253,1,1994,3384,14810,9,1,5200
Matthew,10017,18,676700,0.52,1,1994,3384,14810,9,1,5600
Matthew,10017,19,682300,1.352,1,1994,3384,14810,9,1,300
Matthew,10017,20,682600,1.396,1,1994,3384,14810,9,1,-17800
Matthew,10017,21,664800,-1.248,1,1994,3384,14810,9,1,6200
Matthew,10017,22,671000,-0.327,1,1994,3384,14810,9,1,-9400
Matthew,10017,23,661600,-1.723,1,1994,3384,14810,9,1,27900
Florence,10017,1,689500,2.421,1,1994,3384,14810,9,2,-9700
Florence,10017,2,679800,0.98,1,1994,3384,14810,9,2,-30200
Florence,10017,3,649600,-3.506,1,1994,3384,14810,9,2,9500
Florence,10017,4,659100,-2.094,1,1994,3384,14810,9,2,1100
Florence,10017,5,660200,-1.931,1,1994,3384,14810,9,2,17200
Florence,10017,6,677400,0.624,1,1994,3384,14810,9,2,-10700
Florence,10017,7,666700,-0.966,1,1994,3384,14810,9,2,9000
Florence,10017,8,675700,0.371,1,1994,3384,14810,9,2,-3700
Florence,10017,9,672000,-0.178,1,1994,3384,14810,9,2,-36000
Florence,10017,10,636000,-5.526,1,1994,3384,14810,9,2,16500
Florence,10017,11,652500,-3.075,1,1994,3384,14810,9,2,7900
Florence,10017,12,660400,-1.901,1,1994,3384,14810,9,2,11000
Florence,10017,13,671400,-0.267,1,1994,3384,14810,9,2,-600
Florence,10017,14,670800,-0.357,1,1994,3384,14810,9,2,27400
Florence,10017,15,698200,3.714,1,1994,3384,14810,9,2,-22900
Florence,10017,16,675300,0.312,1,1994,3384,14810,9,2,143800
Florence,10017,17,819100,21.673,1,1994,3384,14810,9,2,-11100
Florence,10017,18,808000,20.024,1,1994,3384,14810,9,2,-45700
Florence,10017,19,762300,13.235,1,1994,3384,14810,9,2,-12500
Florence,10017,20,749800,11.378,1,1994,3384,14810,9,2,13500
Florence,10017,21,763300,13.384,1,1994,3384,14810,9,2,400
Florence,10017,22,763700,13.443,1,1994,3384,14810,9,2,24600
Florence,10017,23,788300,17.097,1,1994,3384,14810,9,2,-7400
Florence,10017,24,780900,15.998,1,1994,3384,14810,9,2,-8100
Florence,10017,25,772800,14.795,1,1994,3384,14810,9,2,-8100
Matthew,10018,1,725800,-25.494,1,1984,3100,14810,9,1,-3500
Matthew,10018,2,722300,-25.853,1,1984,3100,14810,9,1,6100
Matthew,10018,3,728400,-25.227,1,1984,3100,14810,9,1,-52300
Matthew,10018,4,676100,-30.596,1,1984,3100,14810,9,1,4200
Matthew,10018,5,680300,-30.165,1,1984,3100,14810,9,1,60600
Matthew,10018,6,740900,-23.944,1,1984,3100,14810,9,1,38700
Matthew,10018,7,779600,-19.971,1,1984,3100,14810,9,1,-38100
Matthew,10018,8,741500,-23.882,1,1984,3100,14810,9,1,9000
Matthew,10018,9,750500,-22.958,1,1984,3100,14810,9,1,4500
Matthew,10018,10,755000,-22.497,1,1984,3100,14810,9,1,10200
Matthew,10018,11,765200,-21.449,1,1984,3100,14810,9,1,300
Matthew,10018,12,765500,-21.419,1,1984,3100,14810,9,1,-9600
Matthew,10018,13,755900,-22.404,1,1984,3100,14810,9,1,-4400
Matthew,10018,14,751500,-22.856,1,1984,3100,14810,9,1,52200
Matthew,10018,15,803700,-17.497,1,1984,3100,14810,9,1,-33700
Matthew,10018,16,770000,-20.957,1,1984,3100,14810,9,1,77700
Matthew,10018,17,847700,-12.981,1,1984,3100,14810,9,1,94000
Matthew,10018,18,941700,-3.331,1,1984,3100,14810,9,1,2300
Matthew,10018,19,944000,-3.095,1,1984,3100,14810,9,1,4300
Matthew,10018,20,948300,-2.654,1,1984,3100,14810,9,1,7300
Matthew,10018,21,955600,-1.904,1,1984,3100,14810,9,1,1500
Matthew,10018,22,957100,-1.75,1,1984,3100,14810,9,1,29800
Matthew,10018,23,986900,1.309,1,1984,3100,14810,9,1,13100
Florence,10018,1,1000000,2.654,1,1984,3100,14810,9,2,0
Florence,10018,2,1000000,2.654,1,1984,3100,14810,9,2,-7300
Florence,10018,3,992700,1.904,1,1984,3100,14810,9,2,-4300
Florence,10018,4,988400,1.463,1,1984,3100,14810,9,2,-4900
Florence,10018,5,983500,0.96,1,1984,3100,14810,9,2,-1900
Florence,10018,6,981600,0.765,1,1984,3100,14810,9,2,18400
Florence,10018,7,1000000,2.654,1,1984,3100,14810,9,2,0
Florence,10018,8,1000000,2.654,1,1984,3100,14810,9,2,0
Florence,10018,9,1000000,2.654,1,1984,3100,14810,9,2,0
Florence,10018,10,1000000,2.654,1,1984,3100,14810,9,2,0
Florence,10018,11,1000000,2.654,1,1984,3100,14810,9,2,0
Florence,10018,12,1000000,2.654,1,1984,3100,14810,9,2,0
Florence,10018,13,1000000,2.654,1,1984,3100,14810,9,2,0
Florence,10018,14,1000000,2.654,1,1984,3100,14810,9,2,-20800
Florence,10018,15,979200,0.518,1,1984,3100,14810,9,2,-22400
Florence,10018,16,956800,-1.781,1,1984,3100,14810,9,2,43200
Florence,10018,17,1000000,2.654,1,1984,3100,14810,9,2,0
Florence,10018,18,1000000,2.654,1,1984,3100,14810,9,2,0
Florence,10018,19,1000000,2.654,1,1984,3100,14810,9,2,0
Florence,10018,20,1000000,2.654,1,1984,3100,14810,9,2,0
Florence,10018,21,1000000,2.654,1,1984,3100,14810,9,2,100000
Florence,10018,22,1100000,12.919,1,1984,3100,14810,9,2,0
Florence,10018,23,1100000,12.919,1,1984,3100,14810,9,2,0
Florence,10018,24,1100000,12.919,1,1984,3100,14810,9,2,-130900
Florence,10018,25,969100,-0.518,1,1984,3100,14810,9,2,-130900
Matthew,10019,1,187000,-12.942,1,1994,1512,16988,10,1,-1200
Matthew,10019,2,185800,-13.501,1,1994,1512,16988,10,1,3500
Matthew,10019,3,189300,-11.872,1,1994,1512,16988,10,1,-10500
Matthew,10019,4,178800,-16.76,1,1994,1512,16988,10,1,100
Matthew,10019,5,178900,-16.713,1,1994,1512,16988,10,1,-700
Matthew,10019,6,178200,-17.039,1,1994,1512,16988,10,1,1600
Matthew,10019,7,179800,-16.294,1,1994,1512,16988,10,1,2400
Matthew,10019,8,182200,-15.177,1,1994,1512,16988,10,1,2100
Matthew,10019,9,184300,-14.199,1,1994,1512,16988,10,1,-2300
Matthew,10019,10,182000,-15.27,1,1994,1512,16988,10,1,4700
Matthew,10019,11,186700,-13.082,1,1994,1512,16988,10,1,800
Matthew,10019,12,187500,-12.709,1,1994,1512,16988,10,1,1400
Matthew,10019,13,188900,-12.058,1,1994,1512,16988,10,1,6900
Matthew,10019,14,195800,-8.845,1,1994,1512,16988,10,1,4200
Matthew,10019,15,200000,-6.89,1,1994,1512,16988,10,1,2700
Matthew,10019,16,202700,-5.633,1,1994,1512,16988,10,1,3200
Matthew,10019,17,205900,-4.143,1,1994,1512,16988,10,1,400
Matthew,10019,18,206300,-3.957,1,1994,1512,16988,10,1,-500
Matthew,10019,19,205800,-4.19,1,1994,1512,16988,10,1,3800
Matthew,10019,20,209600,-2.421,1,1994,1512,16988,10,1,2300
Matthew,10019,21,211900,-1.35,1,1994,1512,16988,10,1,2600
Matthew,10019,22,214500,-0.14,1,1994,1512,16988,10,1,-1700
Matthew,10019,23,212800,-0.931,1,1994,1512,16988,10,1,2000
Florence,10019,1,214800,0,1,1994,1512,16988,10,2,1300
Florence,10019,2,216100,0.605,1,1994,1512,16988,10,2,-500
Florence,10019,3,215600,0.372,1,1994,1512,16988,10,2,-800
Florence,10019,4,214800,0,1,1994,1512,16988,10,2,4400
Florence,10019,5,219200,2.048,1,1994,1512,16988,10,2,200
Florence,10019,6,219400,2.142,1,1994,1512,16988,10,2,-2900
Florence,10019,7,216500,0.791,1,1994,1512,16988,10,2,3400
Florence,10019,8,219900,2.374,1,1994,1512,16988,10,2,-2700
Florence,10019,9,217200,1.117,1,1994,1512,16988,10,2,2700
Florence,10019,10,219900,2.374,1,1994,1512,16988,10,2,-1300
Florence,10019,11,218600,1.769,1,1994,1512,16988,10,2,-2000
Florence,10019,12,216600,0.838,1,1994,1512,16988,10,2,-800
Florence,10019,13,215800,0.466,1,1994,1512,16988,10,2,3600
Florence,10019,14,219400,2.142,1,1994,1512,16988,10,2,100
Florence,10019,15,219500,2.188,1,1994,1512,16988,10,2,3000
Florence,10019,16,222500,3.585,1,1994,1512,16988,10,2,-800
Florence,10019,17,221700,3.212,1,1994,1512,16988,10,2,1200
Florence,10019,18,222900,3.771,1,1994,1512,16988,10,2,3100
Florence,10019,19,226000,5.214,1,1994,1512,16988,10,2,1000
Florence,10019,20,227000,5.68,1,1994,1512,16988,10,2,2000
Florence,10019,21,229000,6.611,1,1994,1512,16988,10,2,1400
Florence,10019,22,230400,7.263,1,1994,1512,16988,10,2,3300
Florence,10019,23,233700,8.799,1,1994,1512,16988,10,2,8600
Florence,10019,24,242300,12.803,1,1994,1512,16988,10,2,1900
Florence,10019,25,244200,13.687,1,1994,1512,16988,10,2,1900
Matthew,10020,1,125300,-5.219,1,1997,1296,16553,10,1,-2900
Matthew,10020,2,122400,-7.413,1,1997,1296,16553,10,1,6100
Matthew,10020,3,128500,-2.799,1,1997,1296,16553,10,1,-22200
Matthew,10020,4,106300,-19.592,1,1997,1296,16553,10,1,-200
Matthew,10020,5,106100,-19.743,1,1997,1296,16553,10,1,7300
Matthew,10020,6,113400,-14.221,1,1997,1296,16553,10,1,14000
Matthew,10020,7,127400,-3.631,1,1997,1296,16553,10,1,6300
Matthew,10020,8,133700,1.135,1,1997,1296,16553,10,1,2700
Matthew,10020,9,136400,3.177,1,1997,1296,16553,10,1,-200
Matthew,10020,10,136200,3.026,1,1997,1296,16553,10,1,4200
Matthew,10020,11,140400,6.203,1,1997,1296,16553,10,1,0
Matthew,10020,12,140400,6.203,1,1997,1296,16553,10,1,-2000
Matthew,10020,13,138400,4.69,1,1997,1296,16553,10,1,5500
Matthew,10020,14,143900,8.85,1,1997,1296,16553,10,1,3000
Matthew,10020,15,146900,11.12,1,1997,1296,16553,10,1,900
Matthew,10020,16,147800,11.8,1,1997,1296,16553,10,1,1300
Matthew,10020,17,149100,12.784,1,1997,1296,16553,10,1,-15000
Matthew,10020,18,134100,1.437,1,1997,1296,16553,10,1,-8900
Matthew,10020,19,125200,-5.295,1,1997,1296,16553,10,1,600
Matthew,10020,20,125800,-4.841,1,1997,1296,16553,10,1,3500
Matthew,10020,21,129300,-2.194,1,1997,1296,16553,10,1,3600
Matthew,10020,22,132900,0.53,1,1997,1296,16553,10,1,-4900
Matthew,10020,23,128000,-3.177,1,1997,1296,16553,10,1,-2200
Florence,10020,1,125800,-4.841,1,1997,1296,16553,10,2,4100
Florence,10020,2,129900,-1.74,1,1997,1296,16553,10,2,2300
Florence,10020,3,132200,0,1,1997,1296,16553,10,2,500
Florence,10020,4,132700,0.378,1,1997,1296,16553,10,2,-1300
Florence,10020,5,131400,-0.605,1,1997,1296,16553,10,2,800
Florence,10020,6,132200,0,1,1997,1296,16553,10,2,0
Florence,10020,7,132200,0,1,1997,1296,16553,10,2,3900
Florence,10020,8,136100,2.95,1,1997,1296,16553,10,2,-2000
Florence,10020,9,134100,1.437,1,1997,1296,16553,10,2,4600
Florence,10020,10,138700,4.917,1,1997,1296,16553,10,2,-5100
Florence,10020,11,133600,1.059,1,1997,1296,16553,10,2,-9200
Florence,10020,12,124400,-5.9,1,1997,1296,16553,10,2,-1000
Florence,10020,13,123400,-6.657,1,1997,1296,16553,10,2,3200
Florence,10020,14,126600,-4.236,1,1997,1296,16553,10,2,-7400
Florence,10020,15,119200,-9.834,1,1997,1296,16553,10,2,-5600
Florence,10020,16,113600,-14.07,1,1997,1296,16553,10,2,-5000
Florence,10020,17,108600,-17.852,1,1997,1296,16553,10,2,2200
Florence,10020,18,110800,-16.188,1,1997,1296,16553,10,2,11700
Florence,10020,19,122500,-7.337,1,1997,1296,16553,10,2,6500
Florence,10020,20,129000,-2.421,1,1997,1296,16553,10,2,13100
Florence,10020,21,142100,7.489,1,1997,1296,16553,10,2,5300
Florence,10020,22,147400,11.498,1,1997,1296,16553,10,2,3500
Florence,10020,23,150900,14.145,1,1997,1296,16553,10,2,3500
Florence,10020,24,154400,16.793,1,1997,1296,16553,10,2,-3700
Florence,10020,25,150700,13.994,1,1997,1296,16553,10,2,-3700
